role_id,role_name,user_id,username,total_events,schedule_bot_events,discord_scheduled_events,manual_interest_events,source_types
1163047310889062400,DJ,82611987091034112,ironstrom_ackure,1,1,0,0,schedule_bot
1392210704140079360,Breakin',92804996990500864,elliesaurus,3,3,0,0,schedule_bot
1392210566407524352,YOGA,95313747517636608,oky,2,2,0,0,schedule_bot
1392211149595869184,GOGO Dance,95313747517636608,oky,2,2,0,0,schedule_bot
1210262400985726976,Community Manager,101499886884651008,no_44,1,1,0,0,schedule_bot
1392210170439929856,Photography,101499886884651008,no_44,2,2,0,0,schedule_bot
1392210291437080576,VIBE,101499886884651008,no_44,1,1,0,0,schedule_bot
1392210454822260736,Esoterics,101499886884651008,no_44,1,1,0,0,schedule_bot
1392210510971277568,Vocal Class,101499886884651008,no_44,1,1,0,0,schedule_bot
1392210566407524352,YOGA,101499886884651008,no_44,1,1,0,0,schedule_bot
1392210886487445760,Coding,101499886884651008,no_44,1,1,0,0,schedule_bot
1392210986387116032,ASL Class,101499886884651008,no_44,4,4,0,0,schedule_bot
1392210986387116288,ASL Class,101499886884651008,no_44,1,1,0,0,schedule_bot
1392211149595869184,GOGO Dance,101499886884651008,no_44,1,1,0,0,schedule_bot
1392211365455724544,Meditation,101499886884651008,no_44,2,2,0,0,schedule_bot
1392212045323304960,Portal Posse,101499886884651008,no_44,1,1,0,0,schedule_bot
1392213840225112064,Music Production,101499886884651008,no_44,1,1,0,0,schedule_bot
1392210704140079360,Breakin',102911741737828352,mitsukaki,1,0,1,0,discord_scheduled
1392210510971277568,Vocal Class,103767981187694592,mitey,1,0,1,0,discord_scheduled
1392210566407524352,YOGA,103767981187694592,mitey,2,0,1,1,"discord_scheduled,manual_discord_interest"
1392210704140079360,Breakin',103767981187694592,mitey,1,0,1,0,discord_scheduled
1392211365455724288,Unknown Role (1392211365455724288),103767981187694592,mitey,1,0,0,1,manual_discord_interest
1163047310889062400,DJ,105427667146293248,kiotakashi,2,2,0,0,schedule_bot
1392209677282185728,Animation Dance,105427667146293248,kiotakashi,1,1,0,0,schedule_bot
1392210291437080576,VIBE,105427667146293248,kiotakashi,13,13,0,0,schedule_bot
1392210566407524352,YOGA,105427667146293248,kiotakashi,5,5,0,0,schedule_bot
1392210837330067712,Blender/Unity,105427667146293248,kiotakashi,4,4,0,0,schedule_bot
1392211149595869184,GOGO Dance,105427667146293248,kiotakashi,14,14,0,0,schedule_bot
1392211204864344064,Pole Dancing,105427667146293248,kiotakashi,1,1,0,0,schedule_bot
1392212045323304960,Portal Posse,105427667146293248,kiotakashi,4,4,0,0,schedule_bot
1392213330457923584,Beyond Dance,105427667146293248,kiotakashi,3,3,0,0,schedule_bot
1392213888522518784,Sociology,105427667146293248,kiotakashi,1,1,0,0,schedule_bot
1392210291437080576,VIBE,106429894430302208,merton,1,1,0,0,schedule_bot
1392210566407524352,YOGA,106429894430302208,merton,1,1,0,0,schedule_bot
1392210837330067712,Blender/Unity,106429894430302208,merton,1,1,0,0,schedule_bot
1392212045323304960,Portal Posse,106429894430302208,merton,1,1,0,0,schedule_bot
1392210170439930112,Photography,107570567015579648,evebynx,1,1,0,0,schedule_bot
1392210510971277568,Vocal Class,119945788586590208,njnagrimsdottir,1,0,1,0,discord_scheduled
1392210566407524352,YOGA,119945788586590208,njnagrimsdottir,1,0,1,0,discord_scheduled
1392210566407524352,YOGA,126086140846407680,dro29,5,4,1,0,"discord_scheduled,schedule_bot"
1392210704140079360,Breakin',126086140846407680,dro29,4,3,1,0,"discord_scheduled,schedule_bot"
1392210837330067712,Blender/Unity,126086140846407680,dro29,3,3,0,0,schedule_bot
1392210704140079360,Breakin',135691742937612288,ayeton,1,0,1,0,discord_scheduled
1392210704140079360,Breakin',147237351788118018,_ratpunk,1,0,1,0,discord_scheduled
1392209391872250112,House Dance,148388754044747776,tarkus_,1,1,0,0,schedule_bot
1392210075950649088,Waltz,148388754044747776,tarkus_,1,1,0,0,schedule_bot
1392210510971277568,Vocal Class,148745430996353024,elkeila,1,1,0,0,schedule_bot
1392210510971277568,Vocal Class,150338531582148608,notarobotcat,1,0,1,0,discord_scheduled
1392210566407524352,YOGA,150338531582148608,notarobotcat,3,0,2,1,"discord_scheduled,manual_discord_interest"
1392210986387116032,ASL Class,150338531582148608,notarobotcat,2,0,0,2,manual_discord_interest
1392213840225112064,Music Production,150338531582148608,notarobotcat,1,0,0,1,manual_discord_interest
1163047310889062400,DJ,163910917870845962,dreivan,1,1,0,0,schedule_bot
1163047310889062400,DJ,166322439351959552,ashmoney69,1,1,0,0,schedule_bot
1392210704140079360,Breakin',169968484263002113,madness480,1,1,0,0,schedule_bot
1392210704140079360,Breakin',170914233670696960,sleightlyout,1,0,1,0,discord_scheduled
1210262400985726976,Community Manager,175304048310747137,illucio,1,1,0,0,schedule_bot
1392210510971277568,Vocal Class,175304048310747137,illucio,2,2,0,0,schedule_bot
1392210566407524352,YOGA,175304048310747137,illucio,2,2,0,0,schedule_bot
1392210510971277568,Vocal Class,177766183775240192,punkarts,2,2,0,0,schedule_bot
1392213840225112064,Music Production,177766183775240192,punkarts,1,1,0,0,schedule_bot
1392210704140079360,Breakin',177930966252257290,pendikun,1,0,1,0,discord_scheduled
1392211149595869184,GOGO Dance,178950222913863682,djlimitbreak,1,1,0,0,schedule_bot
1163047310889062400,DJ,180340126944067585,airbee_,1,1,0,0,schedule_bot
1392210075950649088,Waltz,180340126944067585,airbee_,7,7,0,0,schedule_bot
1392210116924674304,Bachata,180340126944067585,airbee_,5,5,0,0,schedule_bot
1392210510971277568,Vocal Class,180340126944067585,airbee_,1,1,0,0,schedule_bot
1392210655318114304,Wotagei,180340126944067585,airbee_,1,1,0,0,schedule_bot
1392210704140079360,Breakin',180340126944067585,airbee_,1,1,0,0,schedule_bot
1392209677282185728,Animation Dance,182009410837544960,red.riding.hood,1,1,0,0,schedule_bot
1392210075950649088,Waltz,182009410837544960,red.riding.hood,1,1,0,0,schedule_bot
1392210116924674304,Bachata,182009410837544960,red.riding.hood,4,4,0,0,schedule_bot
1392210393224450048,LOFT,182009410837544960,red.riding.hood,1,1,0,0,schedule_bot
1392210510971277568,Vocal Class,182009410837544960,red.riding.hood,5,5,0,0,schedule_bot
1392210655318114304,Wotagei,182009410837544960,red.riding.hood,1,1,0,0,schedule_bot
1392210704140079360,Breakin',182009410837544960,red.riding.hood,2,2,0,0,schedule_bot
1392211149595869184,GOGO Dance,182009410837544960,red.riding.hood,3,3,0,0,schedule_bot
1392213330457923584,Beyond Dance,182009410837544960,red.riding.hood,1,1,0,0,schedule_bot
1392210566407524352,YOGA,183720544120602624,hunniibunny,2,0,1,1,"discord_scheduled,manual_discord_interest"
1392213840225112064,Music Production,192761893239128064,.catz,1,0,0,1,manual_discord_interest
1392210566407524352,YOGA,193030106636091393,okamiyoru,1,0,1,0,discord_scheduled
1392210704140079360,Breakin',193030106636091393,okamiyoru,1,0,1,0,discord_scheduled
1392210704140079360,Breakin',204740758681550848,larens,1,0,1,0,discord_scheduled
1392210170439930112,Photography,206146702464385024,gabrielvis8,1,1,0,0,schedule_bot
1392210704140079360,Breakin',206146702464385024,gabrielvis8,2,1,1,0,"discord_scheduled,schedule_bot"
1210262400985726976,Community Manager,209711249343119360,mionsa,1,1,0,0,schedule_bot
1392210510971277568,Vocal Class,209711249343119360,mionsa,1,1,0,0,schedule_bot
1392210566407524352,YOGA,209711249343119360,mionsa,1,1,0,0,schedule_bot
1392210837330067712,Blender/Unity,209711249343119360,mionsa,1,1,0,0,schedule_bot
1392210886487445760,Coding,209711249343119360,mionsa,3,3,0,0,schedule_bot
1392210510971277568,Vocal Class,210188515076472833,shinastark,1,0,1,0,discord_scheduled
1163047310889062400,DJ,211750261922725888,basic_bit,30,30,0,0,schedule_bot
1210262400985726976,Community Manager,211750261922725888,basic_bit,18,18,0,0,schedule_bot
1392209391872250112,House Dance,211750261922725888,basic_bit,1,1,0,0,schedule_bot
1392209677282185728,Animation Dance,211750261922725888,basic_bit,1,1,0,0,schedule_bot
1392210170439929856,Photography,211750261922725888,basic_bit,10,10,0,0,schedule_bot
1392210170439930112,Photography,211750261922725888,basic_bit,11,11,0,0,schedule_bot
1392210291437080576,VIBE,211750261922725888,basic_bit,19,19,0,0,schedule_bot
1392210393224450048,LOFT,211750261922725888,basic_bit,2,2,0,0,schedule_bot
1392210566407524352,YOGA,211750261922725888,basic_bit,27,24,2,1,"discord_scheduled,manual_discord_interest,schedule_bot"
1392210704140079360,Breakin',211750261922725888,basic_bit,23,22,1,0,"discord_scheduled,schedule_bot"
1392210837330067712,Blender/Unity,211750261922725888,basic_bit,28,27,1,0,"discord_scheduled,schedule_bot"
1392210886487445760,Coding,211750261922725888,basic_bit,26,24,1,1,"discord_scheduled,manual_discord_interest,schedule_bot"
1392210986387116032,ASL Class,211750261922725888,basic_bit,1,1,0,0,schedule_bot
1392211149595869184,GOGO Dance,211750261922725888,basic_bit,5,4,0,1,"manual_discord_interest,schedule_bot"
1392211204864344064,Pole Dancing,211750261922725888,basic_bit,1,1,0,0,schedule_bot
1392211365455724288,Unknown Role (1392211365455724288),211750261922725888,basic_bit,1,0,0,1,manual_discord_interest
1392211365455724544,Meditation,211750261922725888,basic_bit,12,12,0,0,schedule_bot
1392211714308837632,Podcasts,211750261922725888,basic_bit,1,0,0,1,manual_discord_interest
1392212045323304960,Portal Posse,211750261922725888,basic_bit,5,5,0,0,schedule_bot
1392213286644219904,VR Fundamentals,211750261922725888,basic_bit,1,1,0,0,schedule_bot
1392213330457923584,Beyond Dance,211750261922725888,basic_bit,9,8,0,1,"manual_discord_interest,schedule_bot"
1392213840225112064,Music Production,211750261922725888,basic_bit,5,4,0,1,"manual_discord_interest,schedule_bot"
1392213888522518784,Sociology,211750261922725888,basic_bit,1,1,0,0,schedule_bot
1392210454822260736,Esoterics,215954273920483328,passtheketchup,1,1,0,0,schedule_bot
1392210837330067712,Blender/Unity,215954273920483328,passtheketchup,1,1,0,0,schedule_bot
1392213330457923584,Beyond Dance,215954273920483328,passtheketchup,1,1,0,0,schedule_bot
1392210510971277568,Vocal Class,217069029620318208,embryonic.synth,1,0,1,0,discord_scheduled
1392210566407524352,YOGA,217069029620318208,embryonic.synth,2,0,1,1,"discord_scheduled,manual_discord_interest"
1392213840225112064,Music Production,217069029620318208,embryonic.synth,1,0,0,1,manual_discord_interest
1163047310889062400,DJ,221475839156420609,wh4tth3huh,1,1,0,0,schedule_bot
1392213840225112064,Music Production,221475839156420609,wh4tth3huh,1,1,0,0,schedule_bot
1392210566407524352,YOGA,225071551148589056,queen_of_hearts,2,0,1,1,"discord_scheduled,manual_discord_interest"
1392210510971277568,Vocal Class,225867532634947584,leisurelypie,1,1,0,0,schedule_bot
1210262400985726976,Community Manager,233815839806193664,foxyfoo,2,2,0,0,schedule_bot
1392210170439929856,Photography,233815839806193664,foxyfoo,1,1,0,0,schedule_bot
1392210291437080576,VIBE,233815839806193664,foxyfoo,2,2,0,0,schedule_bot
1392210454822260736,Esoterics,233815839806193664,foxyfoo,2,2,0,0,schedule_bot
1392210510971277568,Vocal Class,233815839806193664,foxyfoo,3,2,1,0,"discord_scheduled,schedule_bot"
1392210566407524352,YOGA,233815839806193664,foxyfoo,3,0,2,1,"discord_scheduled,manual_discord_interest"
1392210704140079360,Breakin',233815839806193664,foxyfoo,1,0,1,0,discord_scheduled
1392210986387116032,ASL Class,233815839806193664,foxyfoo,1,0,0,1,manual_discord_interest
1392211204864344064,Pole Dancing,233815839806193664,foxyfoo,1,1,0,0,schedule_bot
1392211365455724288,Unknown Role (1392211365455724288),233815839806193664,foxyfoo,1,0,0,1,manual_discord_interest
1392211365455724544,Meditation,233815839806193664,foxyfoo,2,2,0,0,schedule_bot
1392212045323304960,Portal Posse,233815839806193664,foxyfoo,1,1,0,0,schedule_bot
1392213840225112064,Music Production,233815839806193664,foxyfoo,1,0,0,1,manual_discord_interest
1392210704140079360,Breakin',246852491659051010,judgbin,1,0,1,0,discord_scheduled
1392210454822260736,Esoterics,247019280816799744,gregorif,1,1,0,0,schedule_bot
1392211149595869184,GOGO Dance,247019280816799744,gregorif,8,8,0,0,schedule_bot
1392210837330067712,Blender/Unity,248590944004341761,wiccke,1,1,0,0,schedule_bot
1210262400985726976,Community Manager,249373049214861313,hypophrenia,1,1,0,0,schedule_bot
1392210075950649088,Waltz,249373049214861313,hypophrenia,2,2,0,0,schedule_bot
1392210116924674304,Bachata,249373049214861313,hypophrenia,1,1,0,0,schedule_bot
1392210170439929856,Photography,249373049214861313,hypophrenia,1,1,0,0,schedule_bot
1392210291437080576,VIBE,249373049214861313,hypophrenia,2,2,0,0,schedule_bot
1392210454822260736,Esoterics,249373049214861313,hypophrenia,1,1,0,0,schedule_bot
1392210510971277568,Vocal Class,249373049214861313,hypophrenia,3,3,0,0,schedule_bot
1392210566407524352,YOGA,249373049214861313,hypophrenia,3,3,0,0,schedule_bot
1392210704140079360,Breakin',249373049214861313,hypophrenia,1,1,0,0,schedule_bot
1392210837330067712,Blender/Unity,249373049214861313,hypophrenia,3,3,0,0,schedule_bot
1392210886487445760,Coding,249373049214861313,hypophrenia,1,1,0,0,schedule_bot
1392210986387116032,ASL Class,249373049214861313,hypophrenia,2,2,0,0,schedule_bot
1392210986387116288,ASL Class,249373049214861313,hypophrenia,1,1,0,0,schedule_bot
1392211149595869184,GOGO Dance,249373049214861313,hypophrenia,4,4,0,0,schedule_bot
1392211365455724544,Meditation,249373049214861313,hypophrenia,1,1,0,0,schedule_bot
1392213286644219904,VR Fundamentals,249373049214861313,hypophrenia,1,1,0,0,schedule_bot
1392213330457923584,Beyond Dance,249373049214861313,hypophrenia,1,1,0,0,schedule_bot
1392213840225112064,Music Production,249373049214861313,hypophrenia,1,1,0,0,schedule_bot
1163047310889062400,DJ,258653139048071178,chimera_ix,5,5,0,0,schedule_bot
1392210510971277568,Vocal Class,258653139048071178,chimera_ix,1,0,1,0,discord_scheduled
1392210566407524352,YOGA,259769406819663873,minz3,2,0,2,0,discord_scheduled
1163047310889062400,DJ,261014673678270464,kitpup,14,14,0,0,schedule_bot
1210262400985726976,Community Manager,261014673678270464,kitpup,3,3,0,0,schedule_bot
1392209677282185728,Animation Dance,261014673678270464,kitpup,1,1,0,0,schedule_bot
1392210075950649088,Waltz,261014673678270464,kitpup,9,9,0,0,schedule_bot
1392210116924674304,Bachata,261014673678270464,kitpup,10,10,0,0,schedule_bot
1392210291437080576,VIBE,261014673678270464,kitpup,9,9,0,0,schedule_bot
1392210393224450048,LOFT,261014673678270464,kitpup,2,2,0,0,schedule_bot
1392210454822260736,Esoterics,261014673678270464,kitpup,8,7,0,1,"manual_discord_interest,schedule_bot"
1392210510971277568,Vocal Class,261014673678270464,kitpup,13,13,0,0,schedule_bot
1392210837330067712,Blender/Unity,261014673678270464,kitpup,8,8,0,0,schedule_bot
1392210986387116032,ASL Class,261014673678270464,kitpup,10,10,0,0,schedule_bot
1392210986387116288,ASL Class,261014673678270464,kitpup,4,4,0,0,schedule_bot
1392211149595869184,GOGO Dance,261014673678270464,kitpup,7,7,0,0,schedule_bot
1392211204864344064,Pole Dancing,261014673678270464,kitpup,2,2,0,0,schedule_bot
1392211365455724544,Meditation,261014673678270464,kitpup,1,1,0,0,schedule_bot
1392212045323304960,Portal Posse,261014673678270464,kitpup,3,3,0,0,schedule_bot
1392213330457923584,Beyond Dance,261014673678270464,kitpup,2,2,0,0,schedule_bot
1392213840225112064,Music Production,261014673678270464,kitpup,6,6,0,0,schedule_bot
1392210566407524352,YOGA,261953445198561303,rubixcreates,1,0,1,0,discord_scheduled
1163047310889062400,DJ,264292721542430720,mrmaximus97,2,2,0,0,schedule_bot
1210262400985726976,Community Manager,264292721542430720,mrmaximus97,7,7,0,0,schedule_bot
1392210291437080576,VIBE,264292721542430720,mrmaximus97,2,2,0,0,schedule_bot
1392210454822260736,Esoterics,264292721542430720,mrmaximus97,8,8,0,0,schedule_bot
1392210510971277568,Vocal Class,264292721542430720,mrmaximus97,8,7,1,0,"discord_scheduled,schedule_bot"
1392210566407524352,YOGA,264292721542430720,mrmaximus97,9,7,1,1,"discord_scheduled,manual_discord_interest,schedule_bot"
1392210655318114304,Wotagei,264292721542430720,mrmaximus97,2,2,0,0,schedule_bot
1392210886487445760,Coding,264292721542430720,mrmaximus97,1,1,0,0,schedule_bot
1392210986387116032,ASL Class,264292721542430720,mrmaximus97,3,3,0,0,schedule_bot
1392211149595869184,GOGO Dance,264292721542430720,mrmaximus97,1,1,0,0,schedule_bot
1392211204864344064,Pole Dancing,264292721542430720,mrmaximus97,2,2,0,0,schedule_bot
1392211365455724544,Meditation,264292721542430720,mrmaximus97,6,6,0,0,schedule_bot
1392213330457923584,Beyond Dance,264292721542430720,mrmaximus97,1,1,0,0,schedule_bot
1392213840225112064,Music Production,264292721542430720,mrmaximus97,1,1,0,0,schedule_bot
1392209391872250112,House Dance,278217168489807873,neon.lia,1,1,0,0,schedule_bot
1392210510971277568,Vocal Class,282757724771713025,lotus7084,1,0,1,0,discord_scheduled
1392210566407524352,YOGA,282757724771713025,lotus7084,1,0,1,0,discord_scheduled
1163047310889062400,DJ,283102779772502016,blackbelt33,2,2,0,0,schedule_bot
1392210291437080576,VIBE,283102779772502016,blackbelt33,1,1,0,0,schedule_bot
1392210704140079360,Breakin',283102779772502016,blackbelt33,1,1,0,0,schedule_bot
1392210837330067712,Blender/Unity,283102779772502016,blackbelt33,1,1,0,0,schedule_bot
1392210886487445760,Coding,283102779772502016,blackbelt33,1,1,0,0,schedule_bot
1392210986387116288,ASL Class,283102779772502016,blackbelt33,1,1,0,0,schedule_bot
1392211365455724288,Unknown Role (1392211365455724288),283102779772502016,blackbelt33,1,0,0,1,manual_discord_interest
1392212045323304960,Portal Posse,283102779772502016,blackbelt33,1,1,0,0,schedule_bot
1392213840225112064,Music Production,283102779772502016,blackbelt33,1,1,0,0,schedule_bot
1392210704140079360,Breakin',299329673400156171,potato_kj,1,0,1,0,discord_scheduled
1392210075950649088,Waltz,299843010386984981,foxoneo,7,7,0,0,schedule_bot
1392210116924674304,Bachata,299843010386984981,foxoneo,1,1,0,0,schedule_bot
1392210454822260736,Esoterics,305408899878486016,speckledjim.,1,1,0,0,schedule_bot
1392210704140079360,Breakin',319180375790321666,mr_pandaplaz,1,0,1,0,discord_scheduled
1392210566407524352,YOGA,323181271104618498,ardescar,1,0,1,0,discord_scheduled
1392210704140079360,Breakin',325830164086915072,iimazikeen,1,1,0,0,schedule_bot
1392210510971277568,Vocal Class,333773755648311296,jettybandit,1,0,1,0,discord_scheduled
1392210566407524352,YOGA,333773755648311296,jettybandit,2,0,1,1,"discord_scheduled,manual_discord_interest"
1392210704140079360,Breakin',333773755648311296,jettybandit,1,0,1,0,discord_scheduled
1392211365455724288,Unknown Role (1392211365455724288),333773755648311296,jettybandit,1,0,0,1,manual_discord_interest
1392210704140079360,Breakin',333958698877845504,hamocorp,2,2,0,0,schedule_bot
1210262400985726976,Community Manager,340304794445021186,mismos,1,1,0,0,schedule_bot
1392210704140079360,Breakin',340304794445021186,mismos,3,2,1,0,"discord_scheduled,schedule_bot"
1392210510971277568,Vocal Class,348095816881274881,funpredictable,1,0,1,0,discord_scheduled
1392213888522518784,Sociology,349224593573281792,goldsberrie,1,1,0,0,schedule_bot
1392210510971277568,Vocal Class,349439519013076992,chrisvenusangel,1,0,1,0,discord_scheduled
1392210566407524352,YOGA,349439519013076992,chrisvenusangel,3,0,2,1,"discord_scheduled,manual_discord_interest"
1392211365455724288,Unknown Role (1392211365455724288),349439519013076992,chrisvenusangel,1,0,0,1,manual_discord_interest
1163047310889062400,DJ,351360773949358081,calixlix,1,1,0,0,schedule_bot
1392210116924674304,Bachata,359819140263051265,.moonstress,1,1,0,0,schedule_bot
1392210510971277568,Vocal Class,359819140263051265,.moonstress,2,1,1,0,"discord_scheduled,schedule_bot"
1392210566407524352,YOGA,359819140263051265,.moonstress,3,1,2,0,"discord_scheduled,schedule_bot"
1392210986387116288,ASL Class,359819140263051265,.moonstress,1,1,0,0,schedule_bot
1392211149595869184,GOGO Dance,359819140263051265,.moonstress,1,1,0,0,schedule_bot
1163047310889062400,DJ,375127938288582659,dexi__,11,11,0,0,schedule_bot
1392210566407524352,YOGA,383123978631249920,.rivlia,3,3,0,0,schedule_bot
1392210704140079360,Breakin',384149389809025024,defiant5,1,0,1,0,discord_scheduled
1392213840225112064,Music Production,384149389809025024,defiant5,1,0,0,1,manual_discord_interest
1392210837330067712,Blender/Unity,385523000549703682,skye7734,3,3,0,0,schedule_bot
1163047310889062400,DJ,387399668008484864,smallfry3694,1,1,0,0,schedule_bot
1392210510971277568,Vocal Class,387399668008484864,smallfry3694,1,0,1,0,discord_scheduled
1392210886487445760,Coding,387399668008484864,smallfry3694,3,1,1,1,"discord_scheduled,manual_discord_interest,schedule_bot"
1392210986387116032,ASL Class,387399668008484864,smallfry3694,2,0,0,2,manual_discord_interest
1392213840225112064,Music Production,387399668008484864,smallfry3694,1,1,0,0,schedule_bot
1210262400985726976,Community Manager,388864412624093214,trippyhelix,1,1,0,0,schedule_bot
1392210393224450048,LOFT,388864412624093214,trippyhelix,1,1,0,0,schedule_bot
1392210454822260736,Esoterics,388864412624093214,trippyhelix,1,1,0,0,schedule_bot
1392210704140079360,Breakin',407788360728313866,novahyphen,1,1,0,0,schedule_bot
1392210510971277568,Vocal Class,410270160406970369,nekoyori,1,0,1,0,discord_scheduled
1392210655318114304,Wotagei,410270160406970369,nekoyori,1,1,0,0,schedule_bot
1392210704140079360,Breakin',410270160406970369,nekoyori,1,0,1,0,discord_scheduled
1392210837330067712,Blender/Unity,410270160406970369,nekoyori,1,1,0,0,schedule_bot
1392210704140079360,Breakin',416698777089343488,crumblyneptune,2,2,0,0,schedule_bot
1392210655318114304,Wotagei,425230683166998529,eshton.,1,1,0,0,schedule_bot
1392210986387116032,ASL Class,425230683166998529,eshton.,1,1,0,0,schedule_bot
1392211149595869184,GOGO Dance,425230683166998529,eshton.,1,1,0,0,schedule_bot
1392210566407524352,YOGA,426911207954448395,akagitsune10,1,0,1,0,discord_scheduled
1210262400985726976,Community Manager,428436921761398784,theblindprophet,2,2,0,0,schedule_bot
1392210454822260736,Esoterics,428436921761398784,theblindprophet,1,0,0,1,manual_discord_interest
1392210510971277568,Vocal Class,428436921761398784,theblindprophet,1,0,1,0,discord_scheduled
1392210566407524352,YOGA,428436921761398784,theblindprophet,2,0,2,0,discord_scheduled
1392210704140079360,Breakin',428436921761398784,theblindprophet,1,0,1,0,discord_scheduled
1392210886487445760,Coding,428436921761398784,theblindprophet,2,0,1,1,"discord_scheduled,manual_discord_interest"
1392210986387116032,ASL Class,428436921761398784,theblindprophet,3,1,0,2,"manual_discord_interest,schedule_bot"
1392211204864344064,Pole Dancing,428436921761398784,theblindprophet,2,2,0,0,schedule_bot
1392211365455724544,Meditation,428436921761398784,theblindprophet,3,3,0,0,schedule_bot
1392213330457923584,Beyond Dance,428436921761398784,theblindprophet,1,0,0,1,manual_discord_interest
1392213840225112064,Music Production,428436921761398784,theblindprophet,1,0,0,1,manual_discord_interest
1392209677282185728,Animation Dance,429231435631689728,miscellaneousbowl,1,1,0,0,schedule_bot
1392210075950649088,Waltz,429231435631689728,miscellaneousbowl,4,4,0,0,schedule_bot
1392210116924674304,Bachata,429231435631689728,miscellaneousbowl,7,7,0,0,schedule_bot
1392210704140079360,Breakin',429231435631689728,miscellaneousbowl,1,0,1,0,discord_scheduled
1392210986387116032,ASL Class,429231435631689728,miscellaneousbowl,1,0,0,1,manual_discord_interest
1392211365455724288,Unknown Role (1392211365455724288),429231435631689728,miscellaneousbowl,1,0,0,1,manual_discord_interest
1392210510971277568,Vocal Class,434252213158936576,arrowls,1,1,0,0,schedule_bot
1392211149595869184,GOGO Dance,434252213158936576,arrowls,1,1,0,0,schedule_bot
1392210170439930112,Photography,439112134362923014,nyevius,1,1,0,0,schedule_bot
1392210566407524352,YOGA,456673820716302360,itsblush,1,0,1,0,discord_scheduled
1392210566407524352,YOGA,464113589385429060,claw504,2,0,2,0,discord_scheduled
1392210566407524352,YOGA,464591110245974016,dj_clout,1,0,1,0,discord_scheduled
1392210704140079360,Breakin',464591110245974016,dj_clout,1,0,1,0,discord_scheduled
1392210566407524352,YOGA,475072265403236363,auserene,1,1,0,0,schedule_bot
1392210986387116032,ASL Class,475072265403236363,auserene,1,1,0,0,schedule_bot
1392211149595869184,GOGO Dance,475072265403236363,auserene,1,1,0,0,schedule_bot
1392211365455724544,Meditation,475072265403236363,auserene,1,1,0,0,schedule_bot
1392210510971277568,Vocal Class,479531688880373760,zararosev,1,1,0,0,schedule_bot
1163047310889062400,DJ,481277433291603977,mercuryingemini,1,1,0,0,schedule_bot
1392210075950649088,Waltz,481277433291603977,mercuryingemini,1,1,0,0,schedule_bot
1392210291437080576,VIBE,481277433291603977,mercuryingemini,1,1,0,0,schedule_bot
1392210510971277568,Vocal Class,481277433291603977,mercuryingemini,1,0,1,0,discord_scheduled
1392210566407524352,YOGA,481277433291603977,mercuryingemini,1,1,0,0,schedule_bot
1392210837330067712,Blender/Unity,481277433291603977,mercuryingemini,1,1,0,0,schedule_bot
1392211204864344064,Pole Dancing,481277433291603977,mercuryingemini,1,1,0,0,schedule_bot
1392211365455724544,Meditation,481277433291603977,mercuryingemini,1,1,0,0,schedule_bot
1392210510971277568,Vocal Class,488866790039093249,ultrashark,1,0,1,0,discord_scheduled
1392210566407524352,YOGA,488866790039093249,ultrashark,1,0,1,0,discord_scheduled
1392210566407524352,YOGA,493020246580658177,moondoodle,1,0,1,0,discord_scheduled
1392210510971277568,Vocal Class,503982209783431171,ailamaster,1,1,0,0,schedule_bot
1163047310889062400,DJ,510003485417275393,sillybit666,7,7,0,0,schedule_bot
1392210655318114304,Wotagei,510003485417275393,sillybit666,1,1,0,0,schedule_bot
1392210837330067712,Blender/Unity,510003485417275393,sillybit666,2,2,0,0,schedule_bot
1392210886487445760,Coding,510003485417275393,sillybit666,1,1,0,0,schedule_bot
1392210566407524352,YOGA,521111253473558529,loveuniversal7,1,0,1,0,discord_scheduled
1392211149595869184,GOGO Dance,525436840774336542,gaster04,2,2,0,0,schedule_bot
1392210704140079360,Breakin',526694934212771840,deliciousdeli,1,0,1,0,discord_scheduled
1392210510971277568,Vocal Class,527207876113072159,frumpyobject,2,2,0,0,schedule_bot
1392210075950649088,Waltz,561561733915869194,zaccke,3,3,0,0,schedule_bot
1392210566407524352,YOGA,561561733915869194,zaccke,2,0,2,0,discord_scheduled
1392210075950649088,Waltz,581885320576892938,misluni,13,13,0,0,schedule_bot
1392210116924674304,Bachata,581885320576892938,misluni,13,13,0,0,schedule_bot
1392211365455724544,Meditation,586888685794885632,raid1487,1,1,0,0,schedule_bot
1392211149595869184,GOGO Dance,607474015694487553,mukechiltmal,1,1,0,0,schedule_bot
1392210510971277568,Vocal Class,609402662638715033,unicornamazing,1,0,1,0,discord_scheduled
1392210116924674304,Bachata,618060042695868444,midori52,1,1,0,0,schedule_bot
1392213330457923584,Beyond Dance,618060042695868444,midori52,1,1,0,0,schedule_bot
1392210510971277568,Vocal Class,622302876647030795,grin.n.bareit,1,0,1,0,discord_scheduled
1392210986387116032,ASL Class,627588473729056769,.love.,1,1,0,0,schedule_bot
1392210075950649088,Waltz,633012337519099914,taglog7,2,2,0,0,schedule_bot
1392210116924674304,Bachata,633012337519099914,taglog7,2,2,0,0,schedule_bot
1392210291437080576,VIBE,633012337519099914,taglog7,1,1,0,0,schedule_bot
1392210393224450048,LOFT,633012337519099914,taglog7,1,1,0,0,schedule_bot
1392210454822260736,Esoterics,633012337519099914,taglog7,1,1,0,0,schedule_bot
1392210510971277568,Vocal Class,633012337519099914,taglog7,2,2,0,0,schedule_bot
1392210566407524352,YOGA,633012337519099914,taglog7,1,1,0,0,schedule_bot
1392210704140079360,Breakin',633012337519099914,taglog7,2,2,0,0,schedule_bot
1392211149595869184,GOGO Dance,633012337519099914,taglog7,1,1,0,0,schedule_bot
1392210075950649088,Waltz,652350434966634526,georgebraham,3,3,0,0,schedule_bot
1392210116924674304,Bachata,652350434966634526,georgebraham,2,2,0,0,schedule_bot
1392210655318114304,Wotagei,652350434966634526,georgebraham,1,1,0,0,schedule_bot
1392210510971277568,Vocal Class,686914103804952589,roguewitxh,1,0,1,0,discord_scheduled
1392210566407524352,YOGA,686914103804952589,roguewitxh,2,0,2,0,discord_scheduled
1392210704140079360,Breakin',686914103804952589,roguewitxh,1,0,1,0,discord_scheduled
1392210075950649088,Waltz,699933716415512616,astrild,3,3,0,0,schedule_bot
1392210116924674304,Bachata,699933716415512616,astrild,2,2,0,0,schedule_bot
1392210510971277568,Vocal Class,699933716415512616,astrild,2,1,1,0,"discord_scheduled,schedule_bot"
1392210566407524352,YOGA,699933716415512616,astrild,1,1,0,0,schedule_bot
1392210655318114304,Wotagei,699933716415512616,astrild,1,1,0,0,schedule_bot
1392211149595869184,GOGO Dance,699933716415512616,astrild,1,1,0,0,schedule_bot
1392213330457923584,Beyond Dance,699933716415512616,astrild,1,1,0,0,schedule_bot
1392210510971277568,Vocal Class,700373107843661841,hotaruchim,1,0,1,0,discord_scheduled
1392210566407524352,YOGA,700373107843661841,hotaruchim,2,0,2,0,discord_scheduled
1392210704140079360,Breakin',700373107843661841,hotaruchim,1,0,1,0,discord_scheduled
1392211149595869184,GOGO Dance,700373107843661841,hotaruchim,1,1,0,0,schedule_bot
1392211365455724544,Meditation,700373107843661841,hotaruchim,1,1,0,0,schedule_bot
1392212045323304960,Portal Posse,700373107843661841,hotaruchim,1,1,0,0,schedule_bot
1392209391872250112,House Dance,708145548976455680,sqveeb,1,1,0,0,schedule_bot
1392210075950649088,Waltz,708145548976455680,sqveeb,2,2,0,0,schedule_bot
1392210116924674304,Bachata,708145548976455680,sqveeb,13,13,0,0,schedule_bot
1392210837330067712,Blender/Unity,708145548976455680,sqveeb,2,2,0,0,schedule_bot
1392210986387116032,ASL Class,708145548976455680,sqveeb,1,0,0,1,manual_discord_interest
1392210986387116288,ASL Class,708145548976455680,sqveeb,2,2,0,0,schedule_bot
1392212045323304960,Portal Posse,708145548976455680,sqveeb,3,3,0,0,schedule_bot
1392213330457923584,Beyond Dance,708145548976455680,sqveeb,1,1,0,0,schedule_bot
1210262400985726976,Community Manager,718150787670212759,skulteran,2,2,0,0,schedule_bot
1392210454822260736,Esoterics,718150787670212759,skulteran,1,1,0,0,schedule_bot
1392213840225112064,Music Production,718150787670212759,skulteran,1,1,0,0,schedule_bot
1392210510971277568,Vocal Class,728133624628641872,shadowwolf3499,1,0,1,0,discord_scheduled
1392210704140079360,Breakin',736453436681486356,lliver,1,0,1,0,discord_scheduled
1392210291437080576,VIBE,758734374119145504,touchmesama6,2,2,0,0,schedule_bot
1392210393224450048,LOFT,758734374119145504,touchmesama6,1,1,0,0,schedule_bot
1392210566407524352,YOGA,758734374119145504,touchmesama6,2,0,2,0,discord_scheduled
1392210704140079360,Breakin',758734374119145504,touchmesama6,3,2,1,0,"discord_scheduled,schedule_bot"
1392210886487445760,Coding,758734374119145504,touchmesama6,1,0,1,0,discord_scheduled
1163047310889062400,DJ,760185793128955925,livtheunknown,1,1,0,0,schedule_bot
1392210454822260736,Esoterics,760185793128955925,livtheunknown,1,1,0,0,schedule_bot
1392210566407524352,YOGA,760185793128955925,livtheunknown,1,0,1,0,discord_scheduled
1392211365455724544,Meditation,760185793128955925,livtheunknown,1,1,0,0,schedule_bot
1163047310889062400,DJ,764697065351544863,wickedproxy,9,9,0,0,schedule_bot
1210262400985726976,Community Manager,764697065351544863,wickedproxy,21,21,0,0,schedule_bot
1392210170439930112,Photography,764697065351544863,wickedproxy,1,1,0,0,schedule_bot
1392210291437080576,VIBE,764697065351544863,wickedproxy,17,17,0,0,schedule_bot
1392210349956009984,CHILL,764697065351544863,wickedproxy,2,2,0,0,schedule_bot
1392210393224450048,LOFT,764697065351544863,wickedproxy,3,3,0,0,schedule_bot
1392210837330067712,Blender/Unity,764697065351544863,wickedproxy,11,11,0,0,schedule_bot
1392210986387116032,ASL Class,764697065351544863,wickedproxy,3,3,0,0,schedule_bot
1392212045323304960,Portal Posse,764697065351544863,wickedproxy,6,6,0,0,schedule_bot
1392210510971277568,Vocal Class,775170178254110741,opheliaprime,2,2,0,0,schedule_bot
1392211365455724544,Meditation,775170178254110741,opheliaprime,1,1,0,0,schedule_bot
1392210655318114304,Wotagei,804740624191324190,starcluster1231,1,1,0,0,schedule_bot
1392210704140079360,Breakin',804740624191324190,starcluster1231,2,1,1,0,"discord_scheduled,schedule_bot"
1392210510971277568,Vocal Class,806707581560946698,icarusscorpion,1,0,1,0,discord_scheduled
1392210116924674304,Bachata,821214940719218720,mrwattsvr,1,1,0,0,schedule_bot
1392210454822260736,Esoterics,821214940719218720,mrwattsvr,2,2,0,0,schedule_bot
1392210510971277568,Vocal Class,821214940719218720,mrwattsvr,1,1,0,0,schedule_bot
1392210704140079360,Breakin',821214940719218720,mrwattsvr,1,1,0,0,schedule_bot
1392210837330067712,Blender/Unity,821214940719218720,mrwattsvr,3,3,0,0,schedule_bot
1392210886487445760,Coding,821214940719218720,mrwattsvr,1,1,0,0,schedule_bot
1392210986387116032,ASL Class,821214940719218720,mrwattsvr,4,4,0,0,schedule_bot
1392210986387116288,ASL Class,821214940719218720,mrwattsvr,1,1,0,0,schedule_bot
1392211204864344064,Pole Dancing,821214940719218720,mrwattsvr,1,1,0,0,schedule_bot
1392213330457923584,Beyond Dance,821214940719218720,mrwattsvr,2,2,0,0,schedule_bot
1392210170439930112,Photography,831383622199541790,danielmight,3,3,0,0,schedule_bot
1392210510971277568,Vocal Class,831383622199541790,danielmight,2,1,1,0,"discord_scheduled,schedule_bot"
1392210566407524352,YOGA,831383622199541790,danielmight,3,1,2,0,"discord_scheduled,schedule_bot"
1392210655318114304,Wotagei,831383622199541790,danielmight,6,6,0,0,schedule_bot
1392210704140079360,Breakin',831383622199541790,danielmight,5,4,1,0,"discord_scheduled,schedule_bot"
1392210837330067712,Blender/Unity,831383622199541790,danielmight,4,4,0,0,schedule_bot
1392211149595869184,GOGO Dance,831383622199541790,danielmight,3,3,0,0,schedule_bot
1163047310889062400,DJ,832769069764575322,spyy,1,1,0,0,schedule_bot
1392212045323304960,Portal Posse,832769069764575322,spyy,1,1,0,0,schedule_bot
1392210075950649088,Waltz,896911505667289138,kyouki002,1,1,0,0,schedule_bot
1392211365455724544,Meditation,919914140670234634,nekobro_123,2,2,0,0,schedule_bot
1392211149595869184,GOGO Dance,924356384223547495,sun_child03,1,1,0,0,schedule_bot
1392210566407524352,YOGA,937901779520217168,agrov8,1,0,1,0,discord_scheduled
1210262400985726976,Community Manager,946756867160436756,mr_anderson_c137,1,1,0,0,schedule_bot
1392210986387116032,ASL Class,946756867160436756,mr_anderson_c137,1,1,0,0,schedule_bot
1392211365455724544,Meditation,946756867160436756,mr_anderson_c137,1,1,0,0,schedule_bot
1210262400985726976,Community Manager,955517810753290300,lupin_domena,1,1,0,0,schedule_bot
1392210510971277568,Vocal Class,955517810753290300,lupin_domena,1,1,0,0,schedule_bot
1392209677282185728,Animation Dance,959748368538669056,kozykozy,1,1,0,0,schedule_bot
1392210075950649088,Waltz,959748368538669056,kozykozy,12,12,0,0,schedule_bot
1392210116924674304,Bachata,959748368538669056,kozykozy,10,10,0,0,schedule_bot
1392212045323304960,Portal Posse,959748368538669056,kozykozy,2,2,0,0,schedule_bot
1392210837330067712,Blender/Unity,965281440046653512,shyrivers,1,1,0,0,schedule_bot
1392210704140079360,Breakin',1022547160975294566,n0cturnal._,3,3,0,0,schedule_bot
1392210566407524352,YOGA,1037506503738937426,anon3ko,3,3,0,0,schedule_bot
1392210655318114304,Wotagei,1037506503738937426,anon3ko,1,1,0,0,schedule_bot
1392211365455724544,Meditation,1037506503738937426,anon3ko,4,4,0,0,schedule_bot
1392210566407524352,YOGA,1059979607383736361,miyuno.exe,10,9,1,0,"discord_scheduled,schedule_bot"
1163047310889062400,DJ,1063573805160747068,.dayhawk,3,3,0,0,schedule_bot
1392210510971277568,Vocal Class,1063573805160747068,.dayhawk,2,1,1,0,"discord_scheduled,schedule_bot"
1392210837330067712,Blender/Unity,1063573805160747068,.dayhawk,2,2,0,0,schedule_bot
1392210886487445760,Coding,1063573805160747068,.dayhawk,2,1,1,0,"discord_scheduled,schedule_bot"
1392213840225112064,Music Production,1063573805160747068,.dayhawk,2,2,0,0,schedule_bot
1392210454822260736,Esoterics,1081523617021579294,camu292,1,1,0,0,schedule_bot
1392211365455724544,Meditation,1096742748234711090,myspiritway,1,1,0,0,schedule_bot
1392210886487445760,Coding,1099544873364889732,blissfulasperations.,1,0,1,0,discord_scheduled
1210262400985726976,Community Manager,1118233964616888402,kingofgrime,1,1,0,0,schedule_bot
1392210566407524352,YOGA,1189410645112795176,misaki4352,2,0,2,0,discord_scheduled
1392210655318114304,Wotagei,1189410645112795176,misaki4352,1,1,0,0,schedule_bot
1392211149595869184,GOGO Dance,1206819550465757278,_kitrion_,1,1,0,0,schedule_bot
1392211149595869184,GOGO Dance,1215347872623497316,starsrebellion,1,1,0,0,schedule_bot
1392211365455724544,Meditation,1222293216468926625,pinkicloud,1,1,0,0,schedule_bot
1163047310889062400,DJ,1245196799795527720,hangman_merchants_21368,1,1,0,0,schedule_bot
1392210704140079360,Breakin',1265246005411053681,bboy.jin,1,1,0,0,schedule_bot
1392210291437080576,VIBE,1285656355021131792,phoenix051323,1,1,0,0,schedule_bot
1392210986387116032,ASL Class,1285656355021131792,phoenix051323,1,1,0,0,schedule_bot
1392210454822260736,Esoterics,1288959786154590363,willgold37,1,1,0,0,schedule_bot
1392210566407524352,YOGA,105427667146293248,kiotakashi,1,1,0,0,schedule_bot
1392211149595869184,GOGO Dance,105427667146293248,kiotakashi,1,1,0,0,schedule_bot
1392212045323304960,Portal Posse,105427667146293248,kiotakashi,1,1,0,0,schedule_bot
1392210886487445760,Coding,1099544873364889732,blissfulasperations.,1,0,0,1,manual_discord_interest
1392213840225112064,Music Production,1099544873364889732,blissfulasperations.,1,0,0,1,manual_discord_interest
1392210986387116032,ASL Class,114999108996956165,neon_snipe,2,0,0,2,manual_discord_interest
1392210566407524352,YOGA,1189410645112795176,misaki4352,1,0,0,1,manual_discord_interest
1392211714308837632,Podcasts,191322834599936001,ghosttowntunes,1,0,0,1,manual_discord_interest
1392210170439930112,Photography,206146702464385024,gabrielvis8,1,1,0,0,schedule_bot
1163047310889062400,DJ,211750261922725888,basic_bit,1,1,0,0,schedule_bot
1392210704140079360,Breakin',211750261922725888,basic_bit,1,1,0,0,schedule_bot
1392210986387116032,ASL Class,246852491659051010,judgbin,1,0,0,1,manual_discord_interest
1392211149595869184,GOGO Dance,247019280816799744,gregorif,1,0,0,1,manual_discord_interest
1392211149595869184,GOGO Dance,258653139048071178,chimera_ix,1,0,0,1,manual_discord_interest
1392213840225112064,Music Production,258653139048071178,chimera_ix,1,0,0,1,manual_discord_interest
1392210566407524352,YOGA,259769406819663873,minz3,1,0,0,1,manual_discord_interest
1163047310889062400,DJ,261014673678270464,kitpup,1,1,0,0,schedule_bot
1392210986387116032,ASL Class,264292721542430720,mrmaximus97,1,1,0,0,schedule_bot
1392213330457923584,Beyond Dance,278217168489807873,neon.lia,1,0,0,1,manual_discord_interest
1392213840225112064,Music Production,283102779772502016,blackbelt33,1,1,0,0,schedule_bot
1392211365455724288,Unknown Role (1392211365455724288),343785972099448834,itzspookey,1,0,0,1,manual_discord_interest
1392210566407524352,YOGA,359819140263051265,.moonstress,1,0,0,1,manual_discord_interest
1392211365455724288,Unknown Role (1392211365455724288),359819140263051265,.moonstress,1,0,0,1,manual_discord_interest
1392211714308837632,Podcasts,375127938288582659,dexi__,1,0,0,1,manual_discord_interest
1392213840225112064,Music Production,410270160406970369,nekoyori,1,0,0,1,manual_discord_interest
1392210986387116032,ASL Class,413345571500458012,lunaqua,1,0,0,1,manual_discord_interest
1392210566407524352,YOGA,426911207954448395,akagitsune10,1,0,0,1,manual_discord_interest
1392210986387116032,ASL Class,435298328628953089,whiteswan154,1,0,0,1,manual_discord_interest
1392210566407524352,YOGA,464113589385429060,claw504,1,0,0,1,manual_discord_interest
1392211365455724544,Meditation,481277433291603977,mercuryingemini,1,1,0,0,schedule_bot
1392210566407524352,YOGA,488866790039093249,ultrashark,1,0,0,1,manual_discord_interest
1392213840225112064,Music Production,488866790039093249,ultrashark,1,0,0,1,manual_discord_interest
1392211365455724288,Unknown Role (1392211365455724288),493020246580658177,moondoodle,1,0,0,1,manual_discord_interest
1392211714308837632,Podcasts,510003485417275393,sillybit666,1,0,0,1,manual_discord_interest
1392210566407524352,YOGA,521111253473558529,loveuniversal7,1,0,0,1,manual_discord_interest
1392210566407524352,YOGA,561561733915869194,zaccke,1,0,0,1,manual_discord_interest
1392210566407524352,YOGA,686914103804952589,roguewitxh,1,0,0,1,manual_discord_interest
1392213330457923584,Beyond Dance,686914103804952589,roguewitxh,1,0,0,1,manual_discord_interest
1392213840225112064,Music Production,686914103804952589,roguewitxh,1,0,0,1,manual_discord_interest
1392210510971277568,Vocal Class,699933716415512616,astrild,1,1,0,0,schedule_bot
1392211149595869184,GOGO Dance,699933716415512616,astrild,1,0,0,1,manual_discord_interest
1392210566407524352,YOGA,700373107843661841,hotaruchim,1,0,0,1,manual_discord_interest
1392211365455724288,Unknown Role (1392211365455724288),700373107843661841,hotaruchim,1,0,0,1,manual_discord_interest
1392213330457923584,Beyond Dance,700373107843661841,hotaruchim,1,0,0,1,manual_discord_interest
1392210986387116288,ASL Class,708145548976455680,sqveeb,1,1,0,0,schedule_bot
1392213840225112064,Music Production,718150787670212759,skulteran,1,1,0,0,schedule_bot
1392210566407524352,YOGA,758734374119145504,touchmesama6,1,0,0,1,manual_discord_interest
1392210886487445760,Coding,758734374119145504,touchmesama6,1,0,0,1,manual_discord_interest
1210262400985726976,Community Manager,764697065351544863,wickedproxy,1,1,0,0,schedule_bot
1392211714308837632,Podcasts,806707581560946698,icarusscorpion,1,0,0,1,manual_discord_interest
1392210566407524352,YOGA,831383622199541790,danielmight,1,0,0,1,manual_discord_interest
1392210837330067712,Blender/Unity,831383622199541790,danielmight,1,1,0,0,schedule_bot
1392211149595869184,GOGO Dance,831383622199541790,danielmight,1,0,0,1,manual_discord_interest
1392211365455724288,Unknown Role (1392211365455724288),919914140670234634,nekobro_123,1,0,0,1,manual_discord_interest
1392211365455724544,Meditation,919914140670234634,nekobro_123,1,1,0,0,schedule_bot
1392213840225112064,Music Production,939618981797572640,gg4rr3tt,1,0,0,1,manual_discord_interest
1392210986387116032,ASL Class,946756867160436756,mr_anderson_c137,1,0,0,1,manual_discord_interest
