role_id,role_name,user_id,username,event_count,first_event,last_event,source_types
1392210986387116032,ASL Class,261014673678270464,kitpup,10,2025-03-20 01:30:00,2025-05-11 01:30:00,schedule_bot
1392210986387116032,ASL Class,101499886884651008,auserene,4,2025-06-19 01:30:00,2025-06-29 01:30:00,schedule_bot
1392210986387116032,ASL Class,821214940719218720,mrwattsvr,4,2025-04-03 01:30:00,2025-04-17 01:30:00,schedule_bot
1392210986387116288,ASL Class,261014673678270464,kitpup,4,2025-01-30 04:00:00,2025-05-08 03:00:00,schedule_bot
1392210986387116032,ASL Class,264292721542430720,mrmaximus97,3,2025-06-12 01:30:00,2025-07-27 01:30:00,schedule_bot
1392210986387116032,ASL Class,764697065351544863,wickedproxy,3,2025-02-23 02:30:00,2025-03-16 01:30:00,schedule_bot
1392210986387116032,ASL Class,428436921761398784,theblindprophet,3,2025-02-20 02:30:00,manual_collection,"manual_discord_interest,schedule_bot"
1392210986387116032,ASL Class,249373049214861313,no_44,2,2025-06-19 01:30:00,2025-06-22 01:30:00,schedule_bot
1392210986387116032,ASL Class,387399668008484864,SmallFry3694,2,manual_collection,manual_collection,manual_discord_interest
1392210986387116032,ASL Class,150338531582148608,Xanori,2,manual_collection,manual_collection,manual_discord_interest
1392210986387116032,ASL Class,114999108996956160,neon snipe,2,manual_collection,manual_collection,manual_discord_interest
1392210986387116288,ASL Class,708145548976455680,terminallyeevee,2,2025-01-30 04:00:00,2025-02-13 04:00:00,schedule_bot
1392210986387116032,ASL Class,425230683166998529,eshton.,1,2025-07-24 01:30:00,2025-07-24 01:30:00,schedule_bot
1392210986387116032,ASL Class,475072265403236363,no_44,1,2025-06-29 01:30:00,2025-06-29 01:30:00,schedule_bot
1392210986387116032,ASL Class,627588473729056769,.love.,1,2025-06-15 01:30:00,2025-06-15 01:30:00,schedule_bot
1392210986387116032,ASL Class,1314514493690085380,mrmaximus97,1,2025-06-15 01:30:00,2025-06-15 01:30:00,schedule_bot
1392210986387116032,ASL Class,946756867160436756,mr_anderson_c137,1,2025-05-25 01:30:00,2025-05-25 01:30:00,schedule_bot
1392210986387116032,ASL Class,1285656355021131792,phoenix051323,1,2025-05-15 01:30:00,2025-05-15 01:30:00,schedule_bot
1392210986387116032,ASL Class,211750261922725888,basic_bit,1,2025-03-02 02:30:00,2025-03-02 02:30:00,schedule_bot
1392210986387116032,ASL Class,233815839806193664,FOXY,1,manual_collection,manual_collection,manual_discord_interest
1392210986387116032,ASL Class,246852491659051008,Judgbin,1,manual_collection,manual_collection,manual_discord_interest
1392210986387116032,ASL Class,413345571500457984,LunAqua,1,manual_collection,manual_collection,manual_discord_interest
1392210986387116032,ASL Class,429231435631689728,MISCellaneous Bowl,1,manual_collection,manual_collection,manual_discord_interest
1392210986387116032,ASL Class,708145548976455680,Sqveeb,1,manual_collection,manual_collection,manual_discord_interest
1392210986387116032,ASL Class,946756867160436736,FootC137,1,manual_collection,manual_collection,manual_discord_interest
1392210986387116032,ASL Class,435298328628953088,whiteswan,1,manual_collection,manual_collection,manual_discord_interest
1392210986387116288,ASL Class,101499886884651008,hypophrenia,1,2025-06-19 03:00:00,2025-06-19 03:00:00,schedule_bot
1392210986387116288,ASL Class,249373049214861313,no_44,1,2025-06-19 03:00:00,2025-06-19 03:00:00,schedule_bot
1392210986387116288,ASL Class,821214940719218720,mrwattsvr,1,2025-04-10 03:00:00,2025-04-10 03:00:00,schedule_bot
1392210986387116288,ASL Class,233643508416774145,sqveeb,1,2025-02-13 04:00:00,2025-02-13 04:00:00,schedule_bot
1392210986387116288,ASL Class,283102779772502016,blackbelt33,1,2025-01-30 04:00:00,2025-01-30 04:00:00,schedule_bot
1392210986387116288,ASL Class,359819140263051265,kitpup,1,2025-01-30 04:00:00,2025-01-30 04:00:00,schedule_bot
1392209677282185728,Animation Dance,105427667146293248,basic_bit,1,2025-03-29 23:00:00,2025-03-29 23:00:00,schedule_bot
1392209677282185728,Animation Dance,182009410837544960,kiotakashi,1,2025-03-29 23:00:00,2025-03-29 23:00:00,schedule_bot
1392209677282185728,Animation Dance,211750261922725888,kitpup,1,2025-03-29 23:00:00,2025-03-29 23:00:00,schedule_bot
1392209677282185728,Animation Dance,261014673678270464,kozykozy,1,2025-03-29 23:00:00,2025-03-29 23:00:00,schedule_bot
1392209677282185728,Animation Dance,429231435631689728,miscellaneousbowl,1,2025-03-29 23:00:00,2025-03-29 23:00:00,schedule_bot
1392209677282185728,Animation Dance,959748368538669056,red.riding.hood,1,2025-03-29 23:00:00,2025-03-29 23:00:00,schedule_bot
1392210116924674304,Bachata,581885320576892938,miscellaneousbowl,13,2025-02-05 23:30:00,2025-05-21 22:00:00,schedule_bot
1392210116924674304,Bachata,708145548976455680,sirluni,13,2025-01-29 23:30:00,2025-05-21 22:00:00,schedule_bot
1392210116924674304,Bachata,959748368538669056,sqveeb,10,2025-03-05 23:00:00,2025-05-21 22:00:00,schedule_bot
1392210116924674304,Bachata,261014673678270464,kitpup,10,2025-01-29 23:30:00,2025-05-07 22:00:00,schedule_bot
1392210116924674304,Bachata,429231435631689728,kozykozy,7,2025-01-29 23:30:00,2025-05-21 22:00:00,schedule_bot
1392210116924674304,Bachata,180340126944067585,airbee_,5,2025-03-19 22:00:00,2025-05-07 22:00:00,schedule_bot
1392210116924674304,Bachata,182009410837544960,kitpup,4,2025-02-05 23:30:00,2025-04-02 22:00:00,schedule_bot
1392210116924674304,Bachata,699933716415512616,kozykozy,2,2025-04-09 22:00:00,2025-04-16 22:00:00,schedule_bot
1392210116924674304,Bachata,633012337519099914,sqveeb,2,2025-02-05 23:30:00,2025-03-12 22:00:00,schedule_bot
1392210116924674304,Bachata,652350434966634526,kozykozy,2,2025-01-29 23:30:00,2025-03-05 23:00:00,schedule_bot
1392210116924674304,Bachata,249373049214861313,hypophrenia,1,2025-03-19 22:00:00,2025-03-19 22:00:00,schedule_bot
1392210116924674304,Bachata,299843010386984981,red.riding.hood,1,2025-03-19 22:00:00,2025-03-19 22:00:00,schedule_bot
1392210116924674304,Bachata,618060042695868444,sirluni,1,2025-02-05 23:30:00,2025-02-05 23:30:00,schedule_bot
1392210116924674304,Bachata,359819140263051265,georgebraham,1,2025-01-29 23:30:00,2025-01-29 23:30:00,schedule_bot
1392210116924674304,Bachata,821214940719218720,sqveeb,1,2025-01-29 23:30:00,2025-01-29 23:30:00,schedule_bot
1392213330457923584,Beyond Dance,211750261922725888,basic_bit,9,2025-01-30 23:00:00,manual_collection,"manual_discord_interest,schedule_bot"
1392213330457923584,Beyond Dance,105427667146293248,kiotakashi,3,2025-01-30 23:00:00,2025-02-13 23:00:00,schedule_bot
1392213330457923584,Beyond Dance,261014673678270464,red.riding.hood,2,2025-01-30 23:00:00,2025-02-20 23:00:00,schedule_bot
1392213330457923584,Beyond Dance,821214940719218720,mrwattsvr,2,2025-01-30 23:00:00,2025-02-06 23:00:00,schedule_bot
1392213330457923584,Beyond Dance,264292721542430720,mrmaximus97,1,2025-07-15 23:00:00,2025-07-15 23:00:00,schedule_bot
1392213330457923584,Beyond Dance,249373049214861313,hypophrenia,1,2025-06-17 23:00:00,2025-06-17 23:00:00,schedule_bot
1392213330457923584,Beyond Dance,708145548976455680,sqveeb,1,2025-05-06 23:00:00,2025-05-06 23:00:00,schedule_bot
1392213330457923584,Beyond Dance,182009410837544960,kitpup,1,2025-02-20 23:00:00,2025-02-20 23:00:00,schedule_bot
1392213330457923584,Beyond Dance,215954273920483328,passtheketchup,1,2025-02-20 23:00:00,2025-02-20 23:00:00,schedule_bot
1392213330457923584,Beyond Dance,233643508416774145,terminallyeevee,1,2025-02-13 23:00:00,2025-02-13 23:00:00,schedule_bot
1392213330457923584,Beyond Dance,618060042695868444,kiotakashi,1,2025-02-06 23:00:00,2025-02-06 23:00:00,schedule_bot
1392213330457923584,Beyond Dance,699933716415512616,midori52,1,2025-02-06 23:00:00,2025-02-06 23:00:00,schedule_bot
1392213330457923584,Beyond Dance,700373107843661824,HotaruChim,1,manual_collection,manual_collection,manual_discord_interest
1392213330457923584,Beyond Dance,278217168489807872,Lia,1,manual_collection,manual_collection,manual_discord_interest
1392213330457923584,Beyond Dance,397830659235774464,beta / Lis,1,manual_collection,manual_collection,manual_discord_interest
1392213330457923584,Beyond Dance,686914103804952576,roguewitxh,1,manual_collection,manual_collection,manual_discord_interest
1392213330457923584,Beyond Dance,428436921761398784,theblindprophet,1,manual_collection,manual_collection,manual_discord_interest
1392210837330067712,Blender/Unity,211750261922725888,basic_bit,28,2025-01-29 01:00:00,2025-08-06T01:00:00+00:00,"discord_scheduled,schedule_bot"
1392210837330067712,Blender/Unity,764697065351544863,wickedproxy,11,2025-01-29 01:00:00,2025-04-02 00:00:00,schedule_bot
1392210837330067712,Blender/Unity,261014673678270464,kitpup,8,2025-01-29 01:00:00,2025-05-28 00:00:00,schedule_bot
1392210837330067712,Blender/Unity,105427667146293248,basic_bit,4,2025-01-29 01:00:00,2025-06-04 00:00:00,schedule_bot
1392210837330067712,Blender/Unity,831383622199541790,sqveeb,4,2025-02-12 01:00:00,2025-03-12 00:00:00,schedule_bot
1392210837330067712,Blender/Unity,249373049214861313,hypophrenia,3,2025-03-12 00:00:00,2025-06-18 00:00:00,schedule_bot
1392210837330067712,Blender/Unity,126086140846407680,basic_bit,3,2025-02-19 01:00:00,2025-03-05 01:00:00,schedule_bot
1392210837330067712,Blender/Unity,821214940719218720,mrwattsvr,3,2025-01-29 01:00:00,2025-02-12 02:00:00,schedule_bot
1392210837330067712,Blender/Unity,385523000549703682,basic_bit,3,2025-01-29 01:00:00,2025-02-12 01:00:00,schedule_bot
1392210837330067712,Blender/Unity,510003485417275393,kitpup,2,2025-02-26 01:00:00,2025-03-12 00:00:00,schedule_bot
1392210837330067712,Blender/Unity,708145548976455680,shyrivers,2,2025-02-12 01:00:00,2025-03-12 00:00:00,schedule_bot
1392210837330067712,Blender/Unity,1063573805160747068,sqveeb,2,2025-02-05 01:00:00,2025-02-12 01:00:00,schedule_bot
1392210837330067712,Blender/Unity,209711249343119360,basic_bit,1,2025-07-02 00:00:00,2025-07-02 00:00:00,schedule_bot
1392210837330067712,Blender/Unity,248590944004341761,wiccke,1,2025-06-11 00:00:00,2025-06-11 00:00:00,schedule_bot
1392210837330067712,Blender/Unity,410270160406970369,nekoyori,1,2025-05-07 00:00:00,2025-05-07 00:00:00,schedule_bot
1392210837330067712,Blender/Unity,481277433291603977,mercuryingemini,1,2025-03-26 00:00:00,2025-03-26 00:00:00,schedule_bot
1392210837330067712,Blender/Unity,965281440046653512,wickedproxy,1,2025-03-12 00:00:00,2025-03-12 00:00:00,schedule_bot
1392210837330067712,Blender/Unity,468614801896243200,danielmight,1,2025-02-12 02:00:00,2025-02-12 02:00:00,schedule_bot
1392210837330067712,Blender/Unity,106429894430302208,blackbelt33,1,2025-01-29 01:00:00,2025-01-29 01:00:00,schedule_bot
1392210837330067712,Blender/Unity,215954273920483328,kitpup,1,2025-01-29 01:00:00,2025-01-29 01:00:00,schedule_bot
1392210837330067712,Blender/Unity,283102779772502016,mrwattsvr,1,2025-01-29 01:00:00,2025-01-29 01:00:00,schedule_bot
1392210704140079360,Breakin',211750261922725888,basic_bit,23,2025-01-28 04:00:00,2025-08-04T21:00:00+00:00,"discord_scheduled,schedule_bot"
1392210704140079360,Breakin',831383622199541790,taglog7,5,2025-02-10 22:00:00,2025-08-04T21:00:00+00:00,"discord_scheduled,schedule_bot"
1392210704140079360,Breakin',126086140846407680,dro29,4,2025-02-10 22:00:00,2025-08-04T21:00:00+00:00,"discord_scheduled,schedule_bot"
1392210704140079360,Breakin',340304794445021186,mismos,3,2025-03-17 21:00:00,2025-08-04T21:00:00+00:00,"discord_scheduled,schedule_bot"
1392210704140079360,Breakin',758734374119145504,n0cturnal._,3,2025-02-10 22:00:00,2025-08-04T21:00:00+00:00,"discord_scheduled,schedule_bot"
1392210704140079360,Breakin',1022547160975294566,touchmesama6,3,2025-02-03 22:00:00,2025-04-14 21:00:00,schedule_bot
1392210704140079360,Breakin',92804996990500864,danielmight,3,2025-02-03 22:00:00,2025-02-24 22:00:00,schedule_bot
1392210704140079360,Breakin',804740624191324190,starcluster1231,2,2025-07-28 21:00:00,2025-08-04T21:00:00+00:00,"discord_scheduled,schedule_bot"
1392210704140079360,Breakin',182009410837544960,basic_bit,2,2025-03-10 21:00:00,2025-03-17 21:00:00,schedule_bot
1392210704140079360,Breakin',416698777089343488,hypophrenia,2,2025-03-03 22:00:00,2025-03-10 21:00:00,schedule_bot
1392210704140079360,Breakin',633012337519099914,red.riding.hood,2,2025-02-03 22:00:00,2025-03-10 21:00:00,schedule_bot
1392210704140079360,Breakin',333958698877845504,hamocorp,2,2025-02-03 22:00:00,2025-02-24 22:00:00,schedule_bot
1392210704140079360,Breakin',206146702464385024,bboy.jin,2,2025-02-03 22:00:00,2025-08-04T21:00:00+00:00,"discord_scheduled,schedule_bot"
1392210704140079360,Breakin',180340126944067585,airbee_,1,2025-04-07 21:00:00,2025-04-07 21:00:00,schedule_bot
1392210704140079360,Breakin',325830164086915072,iimazikeen,1,2025-03-31 21:00:00,2025-03-31 21:00:00,schedule_bot
1392210704140079360,Breakin',134693354620452865,basic_bit,1,2025-03-10 21:00:00,2025-03-10 21:00:00,schedule_bot
1392210704140079360,Breakin',249373049214861313,danielmight,1,2025-03-10 21:00:00,2025-03-10 21:00:00,schedule_bot
1392210704140079360,Breakin',169968484263002113,elliesaurus,1,2025-02-24 22:00:00,2025-02-24 22:00:00,schedule_bot
1392210704140079360,Breakin',821214940719218720,mrwattsvr,1,2025-02-10 22:00:00,2025-02-10 22:00:00,schedule_bot
1392210704140079360,Breakin',407788360728313866,hamocorp,1,2025-02-03 22:00:00,2025-02-03 22:00:00,schedule_bot
1392210704140079360,Breakin',1265246005411053681,taglog7,1,2025-02-03 22:00:00,2025-02-03 22:00:00,schedule_bot
1392210704140079360,Breakin',283102779772502016,blackbelt33,1,2025-01-28 04:00:00,2025-01-28 04:00:00,schedule_bot
1392210704140079360,Breakin',102911741737828352,Discord Event Subscriber,1,2025-08-04T21:00:00+00:00,2025-08-04T21:00:00+00:00,discord_scheduled
1392210704140079360,Breakin',103767981187694592,Discord Event Subscriber,1,2025-08-04T21:00:00+00:00,2025-08-04T21:00:00+00:00,discord_scheduled
1392210704140079360,Breakin',135691742937612288,Discord Event Subscriber,1,2025-08-04T21:00:00+00:00,2025-08-04T21:00:00+00:00,discord_scheduled
1392210704140079360,Breakin',147237351788118018,Discord Event Subscriber,1,2025-08-04T21:00:00+00:00,2025-08-04T21:00:00+00:00,discord_scheduled
1392210704140079360,Breakin',170914233670696960,Discord Event Subscriber,1,2025-08-04T21:00:00+00:00,2025-08-04T21:00:00+00:00,discord_scheduled
1392210704140079360,Breakin',177930966252257290,Discord Event Subscriber,1,2025-08-04T21:00:00+00:00,2025-08-04T21:00:00+00:00,discord_scheduled
1392210704140079360,Breakin',193030106636091393,Discord Event Subscriber,1,2025-08-04T21:00:00+00:00,2025-08-04T21:00:00+00:00,discord_scheduled
1392210704140079360,Breakin',204740758681550848,Discord Event Subscriber,1,2025-08-04T21:00:00+00:00,2025-08-04T21:00:00+00:00,discord_scheduled
1392210704140079360,Breakin',233815839806193664,Discord Event Subscriber,1,2025-08-04T21:00:00+00:00,2025-08-04T21:00:00+00:00,discord_scheduled
1392210704140079360,Breakin',246852491659051010,Discord Event Subscriber,1,2025-08-04T21:00:00+00:00,2025-08-04T21:00:00+00:00,discord_scheduled
1392210704140079360,Breakin',299329673400156171,Discord Event Subscriber,1,2025-08-04T21:00:00+00:00,2025-08-04T21:00:00+00:00,discord_scheduled
1392210704140079360,Breakin',319180375790321666,Discord Event Subscriber,1,2025-08-04T21:00:00+00:00,2025-08-04T21:00:00+00:00,discord_scheduled
1392210704140079360,Breakin',323525585903288342,Discord Event Subscriber,1,2025-08-04T21:00:00+00:00,2025-08-04T21:00:00+00:00,discord_scheduled
1392210704140079360,Breakin',333773755648311296,Discord Event Subscriber,1,2025-08-04T21:00:00+00:00,2025-08-04T21:00:00+00:00,discord_scheduled
1392210704140079360,Breakin',384149389809025024,Discord Event Subscriber,1,2025-08-04T21:00:00+00:00,2025-08-04T21:00:00+00:00,discord_scheduled
1392210704140079360,Breakin',410270160406970369,Discord Event Subscriber,1,2025-08-04T21:00:00+00:00,2025-08-04T21:00:00+00:00,discord_scheduled
1392210704140079360,Breakin',428436921761398784,Discord Event Subscriber,1,2025-08-04T21:00:00+00:00,2025-08-04T21:00:00+00:00,discord_scheduled
1392210704140079360,Breakin',429231435631689728,Discord Event Subscriber,1,2025-08-04T21:00:00+00:00,2025-08-04T21:00:00+00:00,discord_scheduled
1392210704140079360,Breakin',464591110245974016,Discord Event Subscriber,1,2025-08-04T21:00:00+00:00,2025-08-04T21:00:00+00:00,discord_scheduled
1392210704140079360,Breakin',526694934212771840,Discord Event Subscriber,1,2025-08-04T21:00:00+00:00,2025-08-04T21:00:00+00:00,discord_scheduled
1392210704140079360,Breakin',530930867124568080,Discord Event Subscriber,1,2025-08-04T21:00:00+00:00,2025-08-04T21:00:00+00:00,discord_scheduled
1392210704140079360,Breakin',686914103804952589,Discord Event Subscriber,1,2025-08-04T21:00:00+00:00,2025-08-04T21:00:00+00:00,discord_scheduled
1392210704140079360,Breakin',700373107843661841,Discord Event Subscriber,1,2025-08-04T21:00:00+00:00,2025-08-04T21:00:00+00:00,discord_scheduled
1392210704140079360,Breakin',736453436681486356,Discord Event Subscriber,1,2025-08-04T21:00:00+00:00,2025-08-04T21:00:00+00:00,discord_scheduled
1392210704140079360,Breakin',978226033520164895,Discord Event Subscriber,1,2025-08-04T21:00:00+00:00,2025-08-04T21:00:00+00:00,discord_scheduled
1392210704140079360,Breakin',1206170078232449115,Discord Event Subscriber,1,2025-08-04T21:00:00+00:00,2025-08-04T21:00:00+00:00,discord_scheduled
1392210349956009984,CHILL,764697065351544863,wickedproxy,2,2025-03-26 03:00:00,2025-04-30 03:00:00,schedule_bot
1392210886487445760,Coding,211750261922725888,basic_bit,26,2025-01-29 22:00:00,manual_collection,"discord_scheduled,manual_discord_interest,schedule_bot"
1392210886487445760,Coding,209711249343119360,basic_bit,3,2025-07-03 21:00:00,2025-07-17 21:00:00,schedule_bot
1392210886487445760,Coding,387399668008484864,smallfry3694,3,2025-02-19 22:00:00,manual_collection,"discord_scheduled,manual_discord_interest,schedule_bot"
1392210886487445760,Coding,1063573805160747068,basic_bit,2,2025-02-05 22:00:00,2025-08-07T21:00:00+00:00,"discord_scheduled,schedule_bot"
1392210886487445760,Coding,428436921761398784,Discord Event Subscriber,2,2025-08-07T21:00:00+00:00,manual_collection,"discord_scheduled,manual_discord_interest"
1392210886487445760,Coding,264292721542430720,mrmaximus97,1,2025-07-17 21:00:00,2025-07-17 21:00:00,schedule_bot
1392210886487445760,Coding,101499886884651008,basic_bit,1,2025-06-19 21:00:00,2025-06-19 21:00:00,schedule_bot
1392210886487445760,Coding,249373049214861313,no_44,1,2025-06-19 21:00:00,2025-06-19 21:00:00,schedule_bot
1392210886487445760,Coding,510003485417275393,sillybit666,1,2025-02-26 22:00:00,2025-02-26 22:00:00,schedule_bot
1392210886487445760,Coding,283102779772502016,blackbelt33,1,2025-01-29 22:00:00,2025-01-29 22:00:00,schedule_bot
1392210886487445760,Coding,821214940719218720,mrwattsvr,1,2025-01-29 22:00:00,2025-01-29 22:00:00,schedule_bot
1392210886487445760,Coding,758734374119145504,Discord Event Subscriber,1,2025-08-07T21:00:00+00:00,2025-08-07T21:00:00+00:00,discord_scheduled
1392210886487445760,Coding,1099544873364889732,Discord Event Subscriber,1,2025-08-07T21:00:00+00:00,2025-08-07T21:00:00+00:00,discord_scheduled
1392210886487445760,Coding,1194433928778493984,Discord Event Subscriber,1,2025-08-07T21:00:00+00:00,2025-08-07T21:00:00+00:00,discord_scheduled
1392210886487445760,Coding,758734374119145472,TouchMeSama,1,manual_collection,manual_collection,manual_discord_interest
1392210886487445760,Coding,1063573805160747008,Ydayhawk,1,manual_collection,manual_collection,manual_discord_interest
1392210886487445760,Coding,1099544873364889600,ShroomyBliss,1,manual_collection,manual_collection,manual_discord_interest
1210262400985726976,Community Manager,764697065351544863,wickedproxy,21,2025-02-24 01:00:00,2025-08-04 00:00:00,schedule_bot
1210262400985726976,Community Manager,211750261922725888,basic_bit,18,2025-03-03 01:00:00,2025-08-04 00:00:00,schedule_bot
1210262400985726976,Community Manager,264292721542430720,mismos,7,2025-05-26 00:00:00,2025-08-04 00:00:00,schedule_bot
1210262400985726976,Community Manager,261014673678270464,kitpup,3,2025-03-31 00:00:00,2025-05-12 00:00:00,schedule_bot
1210262400985726976,Community Manager,233815839806193664,foxyfoo,2,2025-06-02 00:00:00,2025-06-09 00:00:00,schedule_bot
1210262400985726976,Community Manager,718150787670212759,skulteran,2,2025-04-07 00:00:00,2025-05-05 00:00:00,schedule_bot
1210262400985726976,Community Manager,428436921761398784,theblindprophet,2,2025-03-03 01:00:00,2025-03-03 01:00:00,schedule_bot
1210262400985726976,Community Manager,340304794445021186,mrmaximus97,1,2025-08-04 00:00:00,2025-08-04 00:00:00,schedule_bot
1210262400985726976,Community Manager,1118233964616888402,wickedproxy,1,2025-07-28 00:00:00,2025-07-28 00:00:00,schedule_bot
1210262400985726976,Community Manager,209711249343119360,basic_bit,1,2025-07-07 00:00:00,2025-07-07 00:00:00,schedule_bot
1210262400985726976,Community Manager,101499886884651008,basic_bit,1,2025-06-23 00:00:00,2025-06-23 00:00:00,schedule_bot
1210262400985726976,Community Manager,249373049214861313,mr_anderson_c137,1,2025-06-23 00:00:00,2025-06-23 00:00:00,schedule_bot
1210262400985726976,Community Manager,946756867160436756,wickedproxy,1,2025-06-23 00:00:00,2025-06-23 00:00:00,schedule_bot
1210262400985726976,Community Manager,955517810753290300,wickedproxy,1,2025-06-02 00:00:00,2025-06-02 00:00:00,schedule_bot
1210262400985726976,Community Manager,388864412624093214,trippyhelix,1,2025-04-28 00:00:00,2025-04-28 00:00:00,schedule_bot
1210262400985726976,Community Manager,1350531000308072630,wickedproxy,1,2025-03-31 00:00:00,2025-03-31 00:00:00,schedule_bot
1210262400985726976,Community Manager,175304048310747137,basic_bit,1,2025-03-10 00:00:00,2025-03-10 00:00:00,schedule_bot
1163047310889062400,DJ,211750261922725888,basic_bit,30,2025-01-28 07:00:00,2025-08-02 21:00:00,schedule_bot
1163047310889062400,DJ,261014673678270464,kitpup,14,2025-01-28 07:00:00,2025-05-10 21:00:00,schedule_bot
1163047310889062400,DJ,375127938288582659,dexi__,11,2025-02-22 22:00:00,2025-05-24 21:00:00,schedule_bot
1163047310889062400,DJ,764697065351544863,wickedproxy,9,2025-01-28 07:00:00,2025-07-26 00:00:00,schedule_bot
1163047310889062400,DJ,510003485417275393,livtheunknown,7,2025-02-18 01:00:00,2025-03-15 21:00:00,schedule_bot
1163047310889062400,DJ,258653139048071178,chimera_ix,5,2025-01-28 07:00:00,2025-07-05 21:00:00,schedule_bot
1163047310889062400,DJ,1063573805160747068,.dayhawk,3,2025-02-01 22:00:00,2025-02-08 22:00:00,schedule_bot
1163047310889062400,DJ,105427667146293248,basic_bit,2,2025-01-28 07:00:00,2025-07-26 00:00:00,schedule_bot
1163047310889062400,DJ,264292721542430720,mrmaximus97,2,2025-06-03 00:00:00,2025-07-12 21:00:00,schedule_bot
1163047310889062400,DJ,283102779772502016,blackbelt33,2,2025-01-28 07:00:00,2025-02-01 22:00:00,schedule_bot
1163047310889062400,DJ,240448715159109632,basic_bit,1,2025-07-05 21:00:00,2025-07-05 21:00:00,schedule_bot
1163047310889062400,DJ,351360773949358081,mrmaximus97,1,2025-06-03 00:00:00,2025-06-03 00:00:00,schedule_bot
1163047310889062400,DJ,166322439351959552,ashmoney69,1,2025-04-19 21:00:00,2025-04-19 21:00:00,schedule_bot
1163047310889062400,DJ,82611987091034112,airbee_,1,2025-03-29 21:00:00,2025-03-29 21:00:00,schedule_bot
1163047310889062400,DJ,180340126944067585,basic_bit,1,2025-03-29 21:00:00,2025-03-29 21:00:00,schedule_bot
1163047310889062400,DJ,221475839156420609,ironstrom_ackure,1,2025-03-29 21:00:00,2025-03-29 21:00:00,schedule_bot
1163047310889062400,DJ,481277433291603977,wh4tth3huh,1,2025-03-29 21:00:00,2025-03-29 21:00:00,schedule_bot
1163047310889062400,DJ,760185793128955925,sillybit666,1,2025-03-15 21:00:00,2025-03-15 21:00:00,schedule_bot
1163047310889062400,DJ,163910917870845962,dreivan,1,2025-02-25 01:00:00,2025-02-25 01:00:00,schedule_bot
1163047310889062400,DJ,387399668008484864,sillybit666,1,2025-02-22 22:00:00,2025-02-22 22:00:00,schedule_bot
1163047310889062400,DJ,1245196799795527720,wickedproxy,1,2025-02-18 01:00:00,2025-02-18 01:00:00,schedule_bot
1163047310889062400,DJ,233643508416774145,kitpup,1,2025-02-15 22:00:00,2025-02-15 22:00:00,schedule_bot
1163047310889062400,DJ,497284326526812160,nessiethagemini,1,2025-01-28 07:00:00,2025-01-28 07:00:00,schedule_bot
1163047310889062400,DJ,832769069764575322,wickedproxy,1,2025-01-28 07:00:00,2025-01-28 07:00:00,schedule_bot
1392210454822260736,Esoterics,264292721542430720,mrmaximus97,8,2025-06-01 21:00:00,2025-07-27 21:00:00,schedule_bot
1392210454822260736,Esoterics,261014673678270464,kitpup,8,2025-03-09 20:00:00,manual_collection,"manual_discord_interest,schedule_bot"
1392210454822260736,Esoterics,821214940719218720,mrwattsvr,2,2025-04-13 21:00:00,2025-06-15 21:00:00,schedule_bot
1392210454822260736,Esoterics,233815839806193664,foxyfoo,2,2025-06-01 21:00:00,2025-06-08 21:00:00,schedule_bot
1392210454822260736,Esoterics,101499886884651008,hypophrenia,1,2025-06-22 21:00:00,2025-06-22 21:00:00,schedule_bot
1392210454822260736,Esoterics,249373049214861313,mrmaximus97,1,2025-06-22 21:00:00,2025-06-22 21:00:00,schedule_bot
1392210454822260736,Esoterics,718150787670212759,skulteran,1,2025-05-04 21:00:00,2025-05-04 21:00:00,schedule_bot
1392210454822260736,Esoterics,305408899878486016,speckledjim.,1,2025-04-27 21:00:00,2025-04-27 21:00:00,schedule_bot
1392210454822260736,Esoterics,388864412624093214,trippyhelix,1,2025-04-27 21:00:00,2025-04-27 21:00:00,schedule_bot
1392210454822260736,Esoterics,1288959786154590363,willgold37,1,2025-04-06 21:00:00,2025-04-06 21:00:00,schedule_bot
1392210454822260736,Esoterics,1350531000308072630,manduvel,1,2025-03-30 21:00:00,2025-03-30 21:00:00,schedule_bot
1392210454822260736,Esoterics,247019280816799744,camu292,1,2025-03-23 21:00:00,2025-03-23 21:00:00,schedule_bot
1392210454822260736,Esoterics,1081523617021579294,kitpup,1,2025-03-23 21:00:00,2025-03-23 21:00:00,schedule_bot
1392210454822260736,Esoterics,633012337519099914,livtheunknown,1,2025-03-16 21:00:00,2025-03-16 21:00:00,schedule_bot
1392210454822260736,Esoterics,760185793128955925,taglog7,1,2025-03-16 21:00:00,2025-03-16 21:00:00,schedule_bot
1392210454822260736,Esoterics,215954273920483328,kitpup,1,2025-03-09 20:00:00,2025-03-09 20:00:00,schedule_bot
1392210454822260736,Esoterics,1330558572584632320,BluBerry,1,manual_collection,manual_collection,manual_discord_interest
1392210454822260736,Esoterics,711612876745342976,FireBee (aka Grey),1,manual_collection,manual_collection,manual_discord_interest
1392210454822260736,Esoterics,760185793128955904,Liv A Black Lung Creechur,1,manual_collection,manual_collection,manual_discord_interest
1392210454822260736,Esoterics,428436921761398784,theblindprophet,1,manual_collection,manual_collection,manual_discord_interest
1392211149595869184,GOGO Dance,105427667146293248,basic_bit,14,2025-02-14 01:30:00,2025-08-01 00:30:00,schedule_bot
1392211149595869184,GOGO Dance,247019280816799744,gregorif,8,2025-03-12 18:00:00,2025-06-18 18:00:00,schedule_bot
1392211149595869184,GOGO Dance,261014673678270464,kitpup,7,2025-01-29 19:00:00,2025-05-09 00:30:00,schedule_bot
1392211149595869184,GOGO Dance,211750261922725888,kiotakashi,5,2025-06-13 00:30:00,manual_collection,"manual_discord_interest,schedule_bot"
1392211149595869184,GOGO Dance,249373049214861313,kiotakashi,4,2025-03-12 18:00:00,2025-06-20 00:30:00,schedule_bot
1392211149595869184,GOGO Dance,182009410837544960,hypophrenia,3,2025-02-26 19:00:00,2025-03-14 00:30:00,schedule_bot
1392211149595869184,GOGO Dance,831383622199541790,red.riding.hood,3,2025-02-12 19:00:00,2025-02-26 19:00:00,schedule_bot
1392211149595869184,GOGO Dance,525436840774336542,no_44,2,2025-02-14 01:30:00,2025-06-20 00:30:00,schedule_bot
1392211149595869184,GOGO Dance,95313747517636608,oky,2,2025-02-14 01:30:00,2025-02-28 01:30:00,schedule_bot
1392211149595869184,GOGO Dance,425230683166998529,eshton.,1,2025-07-25 00:30:00,2025-07-25 00:30:00,schedule_bot
1392211149595869184,GOGO Dance,1206819550465757278,kiotakashi,1,2025-07-25 00:30:00,2025-07-25 00:30:00,schedule_bot
1392211149595869184,GOGO Dance,475072265403236363,auserene,1,2025-07-04 00:30:00,2025-07-04 00:30:00,schedule_bot
1392211149595869184,GOGO Dance,700373107843661841,kiotakashi,1,2025-06-27 00:30:00,2025-06-27 00:30:00,schedule_bot
1392211149595869184,GOGO Dance,101499886884651008,basic_bit,1,2025-06-20 00:30:00,2025-06-20 00:30:00,schedule_bot
1392211149595869184,GOGO Dance,178950222913863682,djlimitbreak,1,2025-06-13 00:30:00,2025-06-13 00:30:00,schedule_bot
1392211149595869184,GOGO Dance,264292721542430720,mrmaximus97,1,2025-06-13 00:30:00,2025-06-13 00:30:00,schedule_bot
1392211149595869184,GOGO Dance,924356384223547495,sun_child03,1,2025-06-04 18:00:00,2025-06-04 18:00:00,schedule_bot
1392211149595869184,GOGO Dance,633012337519099914,taglog7,1,2025-03-14 00:30:00,2025-03-14 00:30:00,schedule_bot
1392211149595869184,GOGO Dance,1215347872623497316,starsrebellion,1,2025-02-28 01:30:00,2025-02-28 01:30:00,schedule_bot
1392211149595869184,GOGO Dance,233643508416774145,kiotakashi,1,2025-02-14 01:30:00,2025-02-14 01:30:00,schedule_bot
1392211149595869184,GOGO Dance,434252213158936576,arrowls,1,2025-02-12 19:00:00,2025-02-12 19:00:00,schedule_bot
1392211149595869184,GOGO Dance,607474015694487553,danielmight,1,2025-02-12 19:00:00,2025-02-12 19:00:00,schedule_bot
1392211149595869184,GOGO Dance,359819140263051265,astrild,1,2025-01-29 19:00:00,2025-01-29 19:00:00,schedule_bot
1392211149595869184,GOGO Dance,699933716415512616,kitpup,1,2025-01-29 19:00:00,2025-01-29 19:00:00,schedule_bot
1392211149595869184,GOGO Dance,699933716415512576,Astrild,1,manual_collection,manual_collection,manual_discord_interest
1392211149595869184,GOGO Dance,258653139048071200,Chimera IX,1,manual_collection,manual_collection,manual_discord_interest
1392211149595869184,GOGO Dance,831383622199541760,Daniel Might,1,manual_collection,manual_collection,manual_discord_interest
1392211149595869184,GOGO Dance,247019280816799712,Gregorif,1,manual_collection,manual_collection,manual_discord_interest
1392209391872250112,House Dance,148388754044747776,basic_bit,1,2025-04-05 18:00:00,2025-04-05 18:00:00,schedule_bot
1392209391872250112,House Dance,211750261922725888,neon.lia,1,2025-04-05 18:00:00,2025-04-05 18:00:00,schedule_bot
1392209391872250112,House Dance,278217168489807873,sqveeb,1,2025-04-05 18:00:00,2025-04-05 18:00:00,schedule_bot
1392209391872250112,House Dance,708145548976455680,tarkus_,1,2025-04-05 18:00:00,2025-04-05 18:00:00,schedule_bot
1392210393224450048,LOFT,764697065351544863,wickedproxy,3,2025-03-17 01:00:00,2025-04-28 01:00:00,schedule_bot
1392210393224450048,LOFT,211750261922725888,basic_bit,2,2025-03-17 01:00:00,2025-04-28 01:00:00,schedule_bot
1392210393224450048,LOFT,261014673678270464,kitpup,2,2025-03-17 01:00:00,2025-04-21 01:00:00,schedule_bot
1392210393224450048,LOFT,388864412624093214,trippyhelix,1,2025-04-28 01:00:00,2025-04-28 01:00:00,schedule_bot
1392210393224450048,LOFT,758734374119145504,touchmesama6,1,2025-04-21 01:00:00,2025-04-21 01:00:00,schedule_bot
1392210393224450048,LOFT,182009410837544960,basic_bit,1,2025-03-17 01:00:00,2025-03-17 01:00:00,schedule_bot
1392210393224450048,LOFT,633012337519099914,taglog7,1,2025-03-17 01:00:00,2025-03-17 01:00:00,schedule_bot
1392211365455724544,Meditation,211750261922725888,basic_bit,12,2025-02-16 21:00:00,2025-08-03 20:00:00,schedule_bot
1392211365455724544,Meditation,264292721542430720,mrmaximus97,6,2025-06-01 20:00:00,2025-08-03 20:00:00,schedule_bot
1392211365455724544,Meditation,1037506503738937426,mr_anderson_c137,4,2025-02-23 21:00:00,2025-05-25 20:00:00,schedule_bot
1392211365455724544,Meditation,428436921761398784,theblindprophet,3,2025-03-23 20:00:00,2025-07-20 20:00:00,schedule_bot
1392211365455724544,Meditation,101499886884651008,hotaruchim,2,2025-06-22 20:00:00,2025-06-29 20:00:00,schedule_bot
1392211365455724544,Meditation,233815839806193664,foxyfoo,2,2025-06-01 20:00:00,2025-06-08 20:00:00,schedule_bot
1392211365455724544,Meditation,919914140670234634,nekobro_123,2,2025-02-16 21:00:00,2025-03-09 19:00:00,schedule_bot
1392211365455724544,Meditation,475072265403236363,mrmaximus97,1,2025-07-06 20:00:00,2025-07-06 20:00:00,schedule_bot
1392211365455724544,Meditation,700373107843661841,no_44,1,2025-06-29 20:00:00,2025-06-29 20:00:00,schedule_bot
1392211365455724544,Meditation,249373049214861313,no_44,1,2025-06-22 20:00:00,2025-06-22 20:00:00,schedule_bot
1392211365455724544,Meditation,946756867160436756,basic_bit,1,2025-05-25 20:00:00,2025-05-25 20:00:00,schedule_bot
1392211365455724544,Meditation,261014673678270464,kitpup,1,2025-04-20 20:00:00,2025-04-20 20:00:00,schedule_bot
1392211365455724544,Meditation,586888685794885632,opheliaprime,1,2025-04-20 20:00:00,2025-04-20 20:00:00,schedule_bot
1392211365455724544,Meditation,775170178254110741,raid1487,1,2025-04-20 20:00:00,2025-04-20 20:00:00,schedule_bot
1392211365455724544,Meditation,1222293216468926625,pinkicloud,1,2025-04-13 20:00:00,2025-04-13 20:00:00,schedule_bot
1392211365455724544,Meditation,481277433291603977,manduvel,1,2025-03-30 20:00:00,2025-03-30 20:00:00,schedule_bot
1392211365455724544,Meditation,1350531000308072630,mercuryingemini,1,2025-03-30 20:00:00,2025-03-30 20:00:00,schedule_bot
1392211365455724544,Meditation,760185793128955925,livtheunknown,1,2025-03-16 20:00:00,2025-03-16 20:00:00,schedule_bot
1392211365455724544,Meditation,1096742748234711090,myspiritway,1,2025-02-23 21:00:00,2025-02-23 21:00:00,schedule_bot
1392211365455724544,Meditation,233643508416774145,nekobro_123,1,2025-02-16 21:00:00,2025-02-16 21:00:00,schedule_bot
1392213840225112064,Music Production,261014673678270464,kitpup,6,2025-03-06 01:00:00,2025-05-08 00:00:00,schedule_bot
1392213840225112064,Music Production,211750261922725888,basic_bit,5,2025-03-20 00:00:00,manual_collection,"manual_discord_interest,schedule_bot"
1392213840225112064,Music Production,1063573805160747068,.dayhawk,2,2025-01-30 01:00:00,2025-02-06 01:00:00,schedule_bot
1392213840225112064,Music Production,264292721542430720,mrmaximus97,1,2025-07-30 23:00:00,2025-07-30 23:00:00,schedule_bot
1392213840225112064,Music Production,101499886884651008,basic_bit,1,2025-06-18 23:00:00,2025-06-18 23:00:00,schedule_bot
1392213840225112064,Music Production,249373049214861313,no_44,1,2025-06-18 23:00:00,2025-06-18 23:00:00,schedule_bot
1392213840225112064,Music Production,177766183775240192,punkarts,1,2025-05-01 00:00:00,2025-05-01 00:00:00,schedule_bot
1392213840225112064,Music Production,221475839156420609,smallfry3694,1,2025-02-20 01:00:00,2025-02-20 01:00:00,schedule_bot
1392213840225112064,Music Production,387399668008484864,wh4tth3huh,1,2025-02-20 01:00:00,2025-02-20 01:00:00,schedule_bot
1392213840225112064,Music Production,233643508416774145,skulteran,1,2025-02-13 01:00:00,2025-02-13 01:00:00,schedule_bot
1392213840225112064,Music Production,718150787670212759,terminallyeevee,1,2025-02-13 01:00:00,2025-02-13 01:00:00,schedule_bot
1392213840225112064,Music Production,283102779772502016,.dayhawk,1,2025-01-30 01:00:00,2025-01-30 01:00:00,schedule_bot
1392213840225112064,Music Production,497284326526812160,blackbelt33,1,2025-01-30 01:00:00,2025-01-30 01:00:00,schedule_bot
1392213840225112064,Music Production,258653139048071200,Chimera IX,1,manual_collection,manual_collection,manual_discord_interest
1392213840225112064,Music Production,384149389809025024,Defiant,1,manual_collection,manual_collection,manual_discord_interest
1392213840225112064,Music Production,217069029620318208,Embryonic,1,manual_collection,manual_collection,manual_discord_interest
1392213840225112064,Music Production,233815839806193664,FOXY,1,manual_collection,manual_collection,manual_discord_interest
1392213840225112064,Music Production,192761893239128064,G-Catz,1,manual_collection,manual_collection,manual_discord_interest
1392213840225112064,Music Production,939618981797572608,GG4RR3TT,1,manual_collection,manual_collection,manual_discord_interest
1392213840225112064,Music Production,410270160406970368,Nekoyori,1,manual_collection,manual_collection,manual_discord_interest
1392213840225112064,Music Production,1099544873364889600,ShroomyBliss,1,manual_collection,manual_collection,manual_discord_interest
1392213840225112064,Music Production,488866790039093248,UltraSharkAretemente,1,manual_collection,manual_collection,manual_discord_interest
1392213840225112064,Music Production,150338531582148608,Xanori,1,manual_collection,manual_collection,manual_discord_interest
1392213840225112064,Music Production,1063573805160747008,Ydayhawk,1,manual_collection,manual_collection,manual_discord_interest
1392213840225112064,Music Production,686914103804952576,roguewitxh,1,manual_collection,manual_collection,manual_discord_interest
1392213840225112064,Music Production,428436921761398784,theblindprophet,1,manual_collection,manual_collection,manual_discord_interest
1392210170439930112,Photography,211750261922725888,basic_bit,11,2025-02-16 23:00:00,2025-05-11 22:15:00,schedule_bot
1392210170439929856,Photography,211750261922725888,basic_bit,10,2025-05-25 22:15:00,2025-07-27 22:00:00,schedule_bot
1392210170439930112,Photography,831383622199541790,danielmight,3,2025-02-16 23:00:00,2025-03-30 22:00:00,schedule_bot
1392210170439929856,Photography,101499886884651008,basic_bit,2,2025-06-22 22:15:00,2025-06-29 22:15:00,schedule_bot
1392210170439929856,Photography,249373049214861313,no_44,1,2025-06-22 22:15:00,2025-06-22 22:15:00,schedule_bot
1392210170439929856,Photography,233815839806193664,foxyfoo,1,2025-06-08 22:15:00,2025-06-08 22:15:00,schedule_bot
1392210170439930112,Photography,439112134362923014,nyevius,1,2025-03-23 22:00:00,2025-03-23 22:00:00,schedule_bot
1392210170439930112,Photography,107570567015579648,basic_bit,1,2025-02-16 23:00:00,2025-02-16 23:00:00,schedule_bot
1392210170439930112,Photography,206146702464385024,danielmight,1,2025-02-16 23:00:00,2025-02-16 23:00:00,schedule_bot
1392210170439930112,Photography,233643508416774145,gabrielvis8,1,2025-02-16 23:00:00,2025-02-16 23:00:00,schedule_bot
1392210170439930112,Photography,764697065351544863,terminallyeevee,1,2025-02-16 23:00:00,2025-02-16 23:00:00,schedule_bot
1392211714308837632,Podcasts,211750261922725888,BASIC,1,manual_collection,manual_collection,manual_discord_interest
1392211714308837632,Podcasts,806707581560946688,Darth Ronin,1,manual_collection,manual_collection,manual_discord_interest
1392211714308837632,Podcasts,375127938288582656,GHOSTNET,1,manual_collection,manual_collection,manual_discord_interest
1392211714308837632,Podcasts,191322834599936000,WillBros,1,manual_collection,manual_collection,manual_discord_interest
1392211714308837632,Podcasts,510003485417275392,sillybit,1,manual_collection,manual_collection,manual_discord_interest
1392211204864344064,Pole Dancing,264292721542430720,mrmaximus97,2,2025-06-04 23:30:00,2025-06-25 23:30:00,schedule_bot
1392211204864344064,Pole Dancing,428436921761398784,theblindprophet,2,2025-03-26 23:30:00,2025-05-14 23:30:00,schedule_bot
1392211204864344064,Pole Dancing,261014673678270464,kitpup,2,2025-03-26 23:30:00,2025-04-17 23:30:00,schedule_bot
1392211204864344064,Pole Dancing,105427667146293248,kiotakashi,1,2025-06-25 23:30:00,2025-06-25 23:30:00,schedule_bot
1392211204864344064,Pole Dancing,233815839806193664,foxyfoo,1,2025-06-04 23:30:00,2025-06-04 23:30:00,schedule_bot
1392211204864344064,Pole Dancing,821214940719218720,mrwattsvr,1,2025-04-17 23:30:00,2025-04-17 23:30:00,schedule_bot
1392211204864344064,Pole Dancing,211750261922725888,basic_bit,1,2025-03-26 23:30:00,2025-03-26 23:30:00,schedule_bot
1392211204864344064,Pole Dancing,481277433291603977,theblindprophet,1,2025-03-26 23:30:00,2025-03-26 23:30:00,schedule_bot
1392212045323304960,Portal Posse,764697065351544863,wickedproxy,6,2025-02-01 23:00:00,2025-06-28 18:00:00,schedule_bot
1392212045323304960,Portal Posse,211750261922725888,kiotakashi,5,2025-02-01 23:00:00,2025-06-28 18:00:00,schedule_bot
1392212045323304960,Portal Posse,105427667146293248,hotaruchim,4,2025-02-01 23:00:00,2025-06-28 18:00:00,schedule_bot
1392212045323304960,Portal Posse,708145548976455680,sqveeb,3,2025-04-05 22:30:00,2025-06-07 23:00:00,schedule_bot
1392212045323304960,Portal Posse,261014673678270464,kitpup,3,2025-02-01 23:00:00,2025-05-10 23:00:00,schedule_bot
1392212045323304960,Portal Posse,959748368538669056,wickedproxy,2,2025-02-01 23:00:00,2025-04-05 22:30:00,schedule_bot
1392212045323304960,Portal Posse,101499886884651008,basic_bit,1,2025-06-28 18:00:00,2025-06-28 18:00:00,schedule_bot
1392212045323304960,Portal Posse,700373107843661841,no_44,1,2025-06-28 18:00:00,2025-06-28 18:00:00,schedule_bot
1392212045323304960,Portal Posse,233815839806193664,kiotakashi,1,2025-06-07 23:00:00,2025-06-07 23:00:00,schedule_bot
1392212045323304960,Portal Posse,106429894430302208,basic_bit,1,2025-02-01 23:00:00,2025-02-01 23:00:00,schedule_bot
1392212045323304960,Portal Posse,259342694189498369,kiotakashi,1,2025-02-01 23:00:00,2025-02-01 23:00:00,schedule_bot
1392212045323304960,Portal Posse,283102779772502016,kozykozy,1,2025-02-01 23:00:00,2025-02-01 23:00:00,schedule_bot
1392212045323304960,Portal Posse,832769069764575322,spyy,1,2025-02-01 23:00:00,2025-02-01 23:00:00,schedule_bot
1392213888522518784,Sociology,105427667146293248,basic_bit,1,2025-02-05 03:00:00,2025-02-05 03:00:00,schedule_bot
1392213888522518784,Sociology,211750261922725888,goldsberrie,1,2025-02-05 03:00:00,2025-02-05 03:00:00,schedule_bot
1392213888522518784,Sociology,349224593573281792,kiotakashi,1,2025-02-05 03:00:00,2025-02-05 03:00:00,schedule_bot
1392211365455724288,Unknown Role (1392211365455724288),211750261922725888,BASIC,1,manual_collection,manual_collection,manual_discord_interest
1392211365455724288,Unknown Role (1392211365455724288),283102779772502016,Blackbelt33,1,manual_collection,manual_collection,manual_discord_interest
1392211365455724288,Unknown Role (1392211365455724288),349439519013076992,Chris Venus Angel,1,manual_collection,manual_collection,manual_discord_interest
1392211365455724288,Unknown Role (1392211365455724288),711612876745342976,FireBee (aka Grey),1,manual_collection,manual_collection,manual_discord_interest
1392211365455724288,Unknown Role (1392211365455724288),233815839806193664,FOXY,1,manual_collection,manual_collection,manual_discord_interest
1392211365455724288,Unknown Role (1392211365455724288),700373107843661824,HotaruChim,1,manual_collection,manual_collection,manual_discord_interest
1392211365455724288,Unknown Role (1392211365455724288),333773755648311296,Jettybandit,1,manual_collection,manual_collection,manual_discord_interest
1392211365455724288,Unknown Role (1392211365455724288),760185793128955904,Liv A Black Lung Creechur,1,manual_collection,manual_collection,manual_discord_interest
1392211365455724288,Unknown Role (1392211365455724288),103767981187694592,Mitey,1,manual_collection,manual_collection,manual_discord_interest
1392211365455724288,Unknown Role (1392211365455724288),429231435631689728,Miscellaneous Bowl,1,manual_collection,manual_collection,manual_discord_interest
1392211365455724288,Unknown Role (1392211365455724288),493020246580658176,Moon,1,manual_collection,manual_collection,manual_discord_interest
1392211365455724288,Unknown Role (1392211365455724288),359819140263051264,Moonstress,1,manual_collection,manual_collection,manual_discord_interest
1392211365455724288,Unknown Role (1392211365455724288),919914140670234624,Neko Bro,1,manual_collection,manual_collection,manual_discord_interest
1392211365455724288,Unknown Role (1392211365455724288),343785972099448832,itzspookey,1,manual_collection,manual_collection,manual_discord_interest
1392210291437080576,VIBE,211750261922725888,basic_bit,19,2025-02-01 02:00:00,2025-08-02 01:00:00,schedule_bot
1392210291437080576,VIBE,764697065351544863,wickedproxy,17,2025-03-01 02:00:00,2025-07-19 01:00:00,schedule_bot
1392210291437080576,VIBE,105427667146293248,basic_bit,13,2025-02-01 02:00:00,2025-07-19 01:00:00,schedule_bot
1392210291437080576,VIBE,261014673678270464,kitpup,9,2025-02-01 02:00:00,2025-05-10 01:00:00,schedule_bot
1392210291437080576,VIBE,264292721542430720,mrmaximus97,2,2025-05-31 01:00:00,2025-07-19 01:00:00,schedule_bot
1392210291437080576,VIBE,249373049214861313,no_44,2,2025-03-15 01:00:00,2025-06-21 01:00:00,schedule_bot
1392210291437080576,VIBE,233815839806193664,kiotakashi,2,2025-05-31 01:00:00,2025-06-07 01:00:00,schedule_bot
1392210291437080576,VIBE,758734374119145504,touchmesama6,2,2025-03-08 02:00:00,2025-04-19 01:00:00,schedule_bot
1392210291437080576,VIBE,101499886884651008,basic_bit,1,2025-06-21 01:00:00,2025-06-21 01:00:00,schedule_bot
1392210291437080576,VIBE,1285656355021131792,phoenix051323,1,2025-05-17 01:00:00,2025-05-17 01:00:00,schedule_bot
1392210291437080576,VIBE,481277433291603977,mercuryingemini,1,2025-03-29 01:00:00,2025-03-29 01:00:00,schedule_bot
1392210291437080576,VIBE,633012337519099914,taglog7,1,2025-03-15 01:00:00,2025-03-15 01:00:00,schedule_bot
1392210291437080576,VIBE,106429894430302208,blackbelt33,1,2025-02-01 02:00:00,2025-02-01 02:00:00,schedule_bot
1392210291437080576,VIBE,283102779772502016,merton,1,2025-02-01 02:00:00,2025-02-01 02:00:00,schedule_bot
1392213286644219904,VR Fundamentals,249373049214861313,hypophrenia,1,2025-06-17 22:00:00,2025-06-17 22:00:00,schedule_bot
1392213286644219904,VR Fundamentals,211750261922725888,basic_bit,1,2025-05-20 22:00:00,2025-05-20 22:00:00,schedule_bot
1392210510971277568,Vocal Class,261014673678270464,kitpup,13,2025-01-28 20:00:00,2025-05-27 19:00:00,schedule_bot
1392210510971277568,Vocal Class,264292721542430720,mrmaximus97,8,2025-05-27 19:00:00,2025-08-05T20:00:00+00:00,"discord_scheduled,schedule_bot"
1392210510971277568,Vocal Class,182009410837544960,kitpup,5,2025-02-25 20:00:00,2025-04-01 19:00:00,schedule_bot
1392210510971277568,Vocal Class,249373049214861313,hypophrenia,3,2025-03-11 19:00:00,2025-06-17 20:00:00,schedule_bot
1392210510971277568,Vocal Class,233815839806193664,foxyfoo,3,2025-05-27 19:00:00,2025-08-05T20:00:00+00:00,"discord_scheduled,schedule_bot"
1392210510971277568,Vocal Class,177766183775240192,kitpup,2,2025-04-08 19:00:00,2025-04-29 19:00:00,schedule_bot
1392210510971277568,Vocal Class,775170178254110741,opheliaprime,2,2025-04-15 19:00:00,2025-04-22 19:00:00,schedule_bot
1392210510971277568,Vocal Class,175304048310747137,hypophrenia,2,2025-03-04 20:00:00,2025-03-11 19:00:00,schedule_bot
1392210510971277568,Vocal Class,633012337519099914,taglog7,2,2025-02-04 20:00:00,2025-03-11 19:00:00,schedule_bot
1392210510971277568,Vocal Class,527207876113072159,kitpup,2,2025-02-25 20:00:00,2025-03-04 20:00:00,schedule_bot
1392210510971277568,Vocal Class,831383622199541790,red.riding.hood,2,2025-02-25 20:00:00,2025-08-05T20:00:00+00:00,"discord_scheduled,schedule_bot"
1392210510971277568,Vocal Class,1063573805160747068,.dayhawk,2,2025-02-11 20:00:00,2025-08-05T20:00:00+00:00,"discord_scheduled,schedule_bot"
1392210510971277568,Vocal Class,699933716415512616,taglog7,2,2025-02-04 20:00:00,2025-08-05T20:00:00+00:00,"discord_scheduled,schedule_bot"
1392210510971277568,Vocal Class,359819140263051265,ailamaster,2,2025-01-28 20:00:00,2025-08-05T20:00:00+00:00,"discord_scheduled,schedule_bot"
1392210510971277568,Vocal Class,225867532634947584,leisurelypie,1,2025-07-15 20:00:00,2025-07-15 20:00:00,schedule_bot
1392210510971277568,Vocal Class,209711249343119360,mionsa,1,2025-07-08 20:00:00,2025-07-08 20:00:00,schedule_bot
1392210510971277568,Vocal Class,479531688880373760,zararosev,1,2025-07-08 20:00:00,2025-07-08 20:00:00,schedule_bot
1392210510971277568,Vocal Class,101499886884651008,mrmaximus97,1,2025-06-24 20:00:00,2025-06-24 20:00:00,schedule_bot
1392210510971277568,Vocal Class,955517810753290300,mrmaximus97,1,2025-06-03 20:00:00,2025-06-03 20:00:00,schedule_bot
1392210510971277568,Vocal Class,1012782447051673704,.phyxa,1,2025-05-13 19:00:00,2025-05-13 19:00:00,schedule_bot
1392210510971277568,Vocal Class,180340126944067585,airbee_,1,2025-03-25 19:00:00,2025-03-25 19:00:00,schedule_bot
1392210510971277568,Vocal Class,434252213158936576,red.riding.hood,1,2025-03-25 19:00:00,2025-03-25 19:00:00,schedule_bot
1392210510971277568,Vocal Class,148745430996353024,elkeila,1,2025-02-18 20:00:00,2025-02-18 20:00:00,schedule_bot
1392210510971277568,Vocal Class,159002506196680704,astrild,1,2025-02-04 20:00:00,2025-02-04 20:00:00,schedule_bot
1392210510971277568,Vocal Class,503982209783431171,kitpup,1,2025-01-28 20:00:00,2025-01-28 20:00:00,schedule_bot
1392210510971277568,Vocal Class,821214940719218720,mrwattsvr,1,2025-01-28 20:00:00,2025-01-28 20:00:00,schedule_bot
1392210510971277568,Vocal Class,103767981187694592,Discord Event Subscriber,1,2025-08-05T20:00:00+00:00,2025-08-05T20:00:00+00:00,discord_scheduled
1392210510971277568,Vocal Class,119945788586590208,Discord Event Subscriber,1,2025-08-05T20:00:00+00:00,2025-08-05T20:00:00+00:00,discord_scheduled
1392210510971277568,Vocal Class,150338531582148608,Discord Event Subscriber,1,2025-08-05T20:00:00+00:00,2025-08-05T20:00:00+00:00,discord_scheduled
1392210510971277568,Vocal Class,210188515076472833,Discord Event Subscriber,1,2025-08-05T20:00:00+00:00,2025-08-05T20:00:00+00:00,discord_scheduled
1392210510971277568,Vocal Class,217069029620318208,Discord Event Subscriber,1,2025-08-05T20:00:00+00:00,2025-08-05T20:00:00+00:00,discord_scheduled
1392210510971277568,Vocal Class,255716106428350464,Discord Event Subscriber,1,2025-08-05T20:00:00+00:00,2025-08-05T20:00:00+00:00,discord_scheduled
1392210510971277568,Vocal Class,258653139048071178,Discord Event Subscriber,1,2025-08-05T20:00:00+00:00,2025-08-05T20:00:00+00:00,discord_scheduled
1392210510971277568,Vocal Class,282757724771713025,Discord Event Subscriber,1,2025-08-05T20:00:00+00:00,2025-08-05T20:00:00+00:00,discord_scheduled
1392210510971277568,Vocal Class,333773755648311296,Discord Event Subscriber,1,2025-08-05T20:00:00+00:00,2025-08-05T20:00:00+00:00,discord_scheduled
1392210510971277568,Vocal Class,348095816881274881,Discord Event Subscriber,1,2025-08-05T20:00:00+00:00,2025-08-05T20:00:00+00:00,discord_scheduled
1392210510971277568,Vocal Class,349439519013076992,Discord Event Subscriber,1,2025-08-05T20:00:00+00:00,2025-08-05T20:00:00+00:00,discord_scheduled
1392210510971277568,Vocal Class,387399668008484864,Discord Event Subscriber,1,2025-08-05T20:00:00+00:00,2025-08-05T20:00:00+00:00,discord_scheduled
1392210510971277568,Vocal Class,410270160406970369,Discord Event Subscriber,1,2025-08-05T20:00:00+00:00,2025-08-05T20:00:00+00:00,discord_scheduled
1392210510971277568,Vocal Class,428436921761398784,Discord Event Subscriber,1,2025-08-05T20:00:00+00:00,2025-08-05T20:00:00+00:00,discord_scheduled
1392210510971277568,Vocal Class,472805842165563392,Discord Event Subscriber,1,2025-08-05T20:00:00+00:00,2025-08-05T20:00:00+00:00,discord_scheduled
1392210510971277568,Vocal Class,481277433291603977,Discord Event Subscriber,1,2025-08-05T20:00:00+00:00,2025-08-05T20:00:00+00:00,discord_scheduled
1392210510971277568,Vocal Class,488866790039093249,Discord Event Subscriber,1,2025-08-05T20:00:00+00:00,2025-08-05T20:00:00+00:00,discord_scheduled
1392210510971277568,Vocal Class,609402662638715033,Discord Event Subscriber,1,2025-08-05T20:00:00+00:00,2025-08-05T20:00:00+00:00,discord_scheduled
1392210510971277568,Vocal Class,622302876647030795,Discord Event Subscriber,1,2025-08-05T20:00:00+00:00,2025-08-05T20:00:00+00:00,discord_scheduled
1392210510971277568,Vocal Class,686914103804952589,Discord Event Subscriber,1,2025-08-05T20:00:00+00:00,2025-08-05T20:00:00+00:00,discord_scheduled
1392210510971277568,Vocal Class,700373107843661841,Discord Event Subscriber,1,2025-08-05T20:00:00+00:00,2025-08-05T20:00:00+00:00,discord_scheduled
1392210510971277568,Vocal Class,728133624628641872,Discord Event Subscriber,1,2025-08-05T20:00:00+00:00,2025-08-05T20:00:00+00:00,discord_scheduled
1392210510971277568,Vocal Class,806707581560946698,Discord Event Subscriber,1,2025-08-05T20:00:00+00:00,2025-08-05T20:00:00+00:00,discord_scheduled
1392210510971277568,Vocal Class,978226033520164895,Discord Event Subscriber,1,2025-08-05T20:00:00+00:00,2025-08-05T20:00:00+00:00,discord_scheduled
1392210075950649088,Waltz,581885320576892938,miscellaneousbowl,13,2025-03-07 22:00:00,2025-05-23 21:00:00,schedule_bot
1392210075950649088,Waltz,959748368538669056,sirluni,12,2025-03-07 22:00:00,2025-05-23 21:00:00,schedule_bot
1392210075950649088,Waltz,261014673678270464,kitpup,9,2025-03-07 22:00:00,2025-05-09 21:00:00,schedule_bot
1392210075950649088,Waltz,299843010386984981,foxoneo,7,2025-03-21 21:00:00,2025-05-23 21:00:00,schedule_bot
1392210075950649088,Waltz,180340126944067585,airbee_,7,2025-03-21 21:00:00,2025-05-09 21:00:00,schedule_bot
1392210075950649088,Waltz,429231435631689728,kozykozy,4,2025-03-14 21:00:00,2025-05-23 21:00:00,schedule_bot
1392210075950649088,Waltz,561561733915869194,kitpup,3,2025-04-04 21:00:00,2025-05-02 21:00:00,schedule_bot
1392210075950649088,Waltz,652350434966634526,sirluni,3,2025-03-07 22:00:00,2025-05-02 21:00:00,schedule_bot
1392210075950649088,Waltz,699933716415512616,kozykozy,3,2025-04-04 21:00:00,2025-04-18 21:00:00,schedule_bot
1392210075950649088,Waltz,249373049214861313,foxoneo,2,2025-03-14 21:00:00,2025-03-21 21:00:00,schedule_bot
1392210075950649088,Waltz,633012337519099914,sqveeb,2,2025-03-07 22:00:00,2025-03-14 21:00:00,schedule_bot
1392210075950649088,Waltz,708145548976455680,taglog7,2,2025-03-07 22:00:00,2025-03-14 21:00:00,schedule_bot
1392210075950649088,Waltz,148388754044747776,airbee_,1,2025-04-11 21:00:00,2025-04-11 21:00:00,schedule_bot
1392210075950649088,Waltz,481277433291603977,kozykozy,1,2025-03-28 21:00:00,2025-03-28 21:00:00,schedule_bot
1392210075950649088,Waltz,896911505667289138,kyouki002,1,2025-03-21 21:00:00,2025-03-21 21:00:00,schedule_bot
1392210075950649088,Waltz,182009410837544960,georgebraham,1,2025-03-07 22:00:00,2025-03-07 22:00:00,schedule_bot
1392210655318114304,Wotagei,831383622199541790,danielmight,6,2025-02-11 19:00:00,2025-03-18 18:00:00,schedule_bot
1392210655318114304,Wotagei,264292721542430720,eshton.,2,2025-07-02 17:00:00,2025-07-23 17:00:00,schedule_bot
1392210655318114304,Wotagei,804740624191324190,starcluster1231,1,2025-07-30 17:00:00,2025-07-30 17:00:00,schedule_bot
1392210655318114304,Wotagei,425230683166998529,mrmaximus97,1,2025-07-23 17:00:00,2025-07-23 17:00:00,schedule_bot
1392210655318114304,Wotagei,410270160406970369,nekoyori,1,2025-05-05 18:00:00,2025-05-05 18:00:00,schedule_bot
1392210655318114304,Wotagei,1189410645112795176,misaki4352,1,2025-04-21 18:00:00,2025-04-21 18:00:00,schedule_bot
1392210655318114304,Wotagei,180340126944067585,airbee_,1,2025-03-25 18:00:00,2025-03-25 18:00:00,schedule_bot
1392210655318114304,Wotagei,182009410837544960,danielmight,1,2025-02-25 19:00:00,2025-02-25 19:00:00,schedule_bot
1392210655318114304,Wotagei,510003485417275393,danielmight,1,2025-02-18 19:00:00,2025-02-18 19:00:00,schedule_bot
1392210655318114304,Wotagei,1037506503738937426,danielmight,1,2025-02-11 19:00:00,2025-02-11 19:00:00,schedule_bot
1392210655318114304,Wotagei,699933716415512616,astrild,1,2025-02-04 19:00:00,2025-02-04 19:00:00,schedule_bot
1392210655318114304,Wotagei,652350434966634526,georgebraham,1,2025-01-28 19:00:00,2025-01-28 19:00:00,schedule_bot
1392210566407524352,YOGA,211750261922725888,kiotakashi,27,2025-01-31 00:00:00,manual_collection,"discord_scheduled,manual_discord_interest,schedule_bot"
1392210566407524352,YOGA,1059979607383736361,no_44,10,2025-03-27 23:00:00,2025-12-26T01:00:00+00:00,"discord_scheduled,schedule_bot"
1392210566407524352,YOGA,264292721542430720,mrmaximus97,9,2025-05-29 18:00:00,manual_collection,"discord_scheduled,manual_discord_interest,schedule_bot"
1392210566407524352,YOGA,105427667146293248,basic_bit,5,2025-02-14 00:00:00,2025-07-31 23:00:00,schedule_bot
1392210566407524352,YOGA,126086140846407680,dro29,5,2025-01-31 00:00:00,2025-12-26T01:00:00+00:00,"discord_scheduled,schedule_bot"
1392210566407524352,YOGA,383123978631249920,mionsa,3,2025-05-15 18:00:00,2025-07-17 23:00:00,schedule_bot
1392210566407524352,YOGA,249373049214861313,miyuno.exe,3,2025-03-13 23:00:00,2025-06-19 23:00:00,schedule_bot
1392210566407524352,YOGA,1037506503738937426,basic_bit,3,2025-05-08 23:00:00,2025-05-22 23:00:00,schedule_bot
1392210566407524352,YOGA,831383622199541790,oky,3,2025-02-14 00:00:00,2025-12-26T01:00:00+00:00,"discord_scheduled,schedule_bot"
1392210566407524352,YOGA,359819140263051265,merton,3,2025-01-31 00:00:00,2025-12-26T01:00:00+00:00,"discord_scheduled,schedule_bot"
1392210566407524352,YOGA,150338531582148608,Discord Event Subscriber,3,2025-08-07T23:00:00+00:00,manual_collection,"discord_scheduled,manual_discord_interest"
1392210566407524352,YOGA,233815839806193664,Discord Event Subscriber,3,2025-08-07T23:00:00+00:00,manual_collection,"discord_scheduled,manual_discord_interest"
1392210566407524352,YOGA,349439519013076992,Discord Event Subscriber,3,2025-08-07T23:00:00+00:00,manual_collection,"discord_scheduled,manual_discord_interest"
1392210566407524352,YOGA,175304048310747137,basic_bit,2,2025-02-28 00:00:00,2025-03-13 23:00:00,schedule_bot
1392210566407524352,YOGA,95313747517636608,basic_bit,2,2025-02-14 00:00:00,2025-02-28 00:00:00,schedule_bot
1392210566407524352,YOGA,103767981187694592,Discord Event Subscriber,2,2025-08-07T23:00:00+00:00,manual_collection,"discord_scheduled,manual_discord_interest"
1392210566407524352,YOGA,183720544120602624,Discord Event Subscriber,2,2025-08-07T23:00:00+00:00,manual_collection,"discord_scheduled,manual_discord_interest"
1392210566407524352,YOGA,217069029620318208,Discord Event Subscriber,2,2025-08-07T23:00:00+00:00,manual_collection,"discord_scheduled,manual_discord_interest"
1392210566407524352,YOGA,225071551148589056,Discord Event Subscriber,2,2025-08-07T23:00:00+00:00,manual_collection,"discord_scheduled,manual_discord_interest"
1392210566407524352,YOGA,259769406819663873,Discord Event Subscriber,2,2025-08-07T23:00:00+00:00,2025-12-26T01:00:00+00:00,discord_scheduled
1392210566407524352,YOGA,333773755648311296,Discord Event Subscriber,2,2025-08-07T23:00:00+00:00,manual_collection,"discord_scheduled,manual_discord_interest"
1392210566407524352,YOGA,428436921761398784,Discord Event Subscriber,2,2025-08-07T23:00:00+00:00,2025-12-26T01:00:00+00:00,discord_scheduled
1392210566407524352,YOGA,464113589385429060,Discord Event Subscriber,2,2025-08-07T23:00:00+00:00,2025-12-26T01:00:00+00:00,discord_scheduled
1392210566407524352,YOGA,561561733915869194,Discord Event Subscriber,2,2025-08-07T23:00:00+00:00,2025-12-26T01:00:00+00:00,discord_scheduled
1392210566407524352,YOGA,686914103804952589,Discord Event Subscriber,2,2025-08-07T23:00:00+00:00,2025-12-26T01:00:00+00:00,discord_scheduled
1392210566407524352,YOGA,700373107843661841,Discord Event Subscriber,2,2025-08-07T23:00:00+00:00,2025-12-26T01:00:00+00:00,discord_scheduled
1392210566407524352,YOGA,758734374119145504,Discord Event Subscriber,2,2025-08-07T23:00:00+00:00,2025-12-26T01:00:00+00:00,discord_scheduled
1392210566407524352,YOGA,1189410645112795176,Discord Event Subscriber,2,2025-08-07T23:00:00+00:00,2025-12-26T01:00:00+00:00,discord_scheduled
1392210566407524352,YOGA,209711249343119360,.rivlia,1,2025-07-17 23:00:00,2025-07-17 23:00:00,schedule_bot
1392210566407524352,YOGA,475072265403236363,basic_bit,1,2025-07-03 23:00:00,2025-07-03 23:00:00,schedule_bot
1392210566407524352,YOGA,101499886884651008,basic_bit,1,2025-06-19 23:00:00,2025-06-19 23:00:00,schedule_bot
1392210566407524352,YOGA,1012782447051673704,kiotakashi,1,2025-05-15 18:00:00,2025-05-15 18:00:00,schedule_bot
1392210566407524352,YOGA,481277433291603977,mercuryingemini,1,2025-03-27 23:00:00,2025-03-27 23:00:00,schedule_bot
1392210566407524352,YOGA,633012337519099914,taglog7,1,2025-03-13 23:00:00,2025-03-13 23:00:00,schedule_bot
1392210566407524352,YOGA,1302376711719227393,otto_1996_39331,1,2025-02-14 00:00:00,2025-02-14 00:00:00,schedule_bot
1392210566407524352,YOGA,699933716415512616,basic_bit,1,2025-02-06 19:00:00,2025-02-06 19:00:00,schedule_bot
1392210566407524352,YOGA,106429894430302208,.moonstress,1,2025-01-31 00:00:00,2025-01-31 00:00:00,schedule_bot
1392210566407524352,YOGA,313849398670917632,Discord Event Subscriber,1,2025-08-07T23:00:00+00:00,2025-08-07T23:00:00+00:00,discord_scheduled
1392210566407524352,YOGA,426911207954448395,Discord Event Subscriber,1,2025-08-07T23:00:00+00:00,2025-08-07T23:00:00+00:00,discord_scheduled
1392210566407524352,YOGA,488866790039093249,Discord Event Subscriber,1,2025-08-07T23:00:00+00:00,2025-08-07T23:00:00+00:00,discord_scheduled
1392210566407524352,YOGA,521111253473558529,Discord Event Subscriber,1,2025-08-07T23:00:00+00:00,2025-08-07T23:00:00+00:00,discord_scheduled
1392210566407524352,YOGA,760185793128955925,Discord Event Subscriber,1,2025-08-07T23:00:00+00:00,2025-08-07T23:00:00+00:00,discord_scheduled
1392210566407524352,YOGA,119945788586590208,Discord Event Subscriber,1,2025-12-26T01:00:00+00:00,2025-12-26T01:00:00+00:00,discord_scheduled
1392210566407524352,YOGA,193030106636091393,Discord Event Subscriber,1,2025-12-26T01:00:00+00:00,2025-12-26T01:00:00+00:00,discord_scheduled
1392210566407524352,YOGA,261953445198561303,Discord Event Subscriber,1,2025-12-26T01:00:00+00:00,2025-12-26T01:00:00+00:00,discord_scheduled
1392210566407524352,YOGA,282757724771713025,Discord Event Subscriber,1,2025-12-26T01:00:00+00:00,2025-12-26T01:00:00+00:00,discord_scheduled
1392210566407524352,YOGA,323181271104618498,Discord Event Subscriber,1,2025-12-26T01:00:00+00:00,2025-12-26T01:00:00+00:00,discord_scheduled
1392210566407524352,YOGA,456673820716302360,Discord Event Subscriber,1,2025-12-26T01:00:00+00:00,2025-12-26T01:00:00+00:00,discord_scheduled
1392210566407524352,YOGA,464591110245974016,Discord Event Subscriber,1,2025-12-26T01:00:00+00:00,2025-12-26T01:00:00+00:00,discord_scheduled
1392210566407524352,YOGA,493020246580658177,Discord Event Subscriber,1,2025-12-26T01:00:00+00:00,2025-12-26T01:00:00+00:00,discord_scheduled
1392210566407524352,YOGA,516360366985576463,Discord Event Subscriber,1,2025-12-26T01:00:00+00:00,2025-12-26T01:00:00+00:00,discord_scheduled
1392210566407524352,YOGA,937901779520217168,Discord Event Subscriber,1,2025-12-26T01:00:00+00:00,2025-12-26T01:00:00+00:00,discord_scheduled
1392210566407524352,YOGA,1242218617353928706,Discord Event Subscriber,1,2025-12-26T01:00:00+00:00,2025-12-26T01:00:00+00:00,discord_scheduled
1392210566407524352,YOGA,426911207954448384,Aka-Gitsune,1,manual_collection,manual_collection,manual_discord_interest
1392210566407524352,YOGA,464113589385429056,CLAW504,1,manual_collection,manual_collection,manual_discord_interest
1392210566407524352,YOGA,831383622199541760,Daniel Might,1,manual_collection,manual_collection,manual_discord_interest
1392210566407524352,YOGA,700373107843661824,HotaruChim,1,manual_collection,manual_collection,manual_discord_interest
1392210566407524352,YOGA,760185793128955904,Liv A Black Lung Creechur,1,manual_collection,manual_collection,manual_discord_interest
1392210566407524352,YOGA,521111253473558528,LoveUniversal7,1,manual_collection,manual_collection,manual_discord_interest
1392210566407524352,YOGA,259769406819663872,Minz,1,manual_collection,manual_collection,manual_discord_interest
1392210566407524352,YOGA,1189410645112795136,Misaki (),1,manual_collection,manual_collection,manual_discord_interest
1392210566407524352,YOGA,359819140263051264,Moonstress,1,manual_collection,manual_collection,manual_discord_interest
1392210566407524352,YOGA,686914103804952576,roguewitxh,1,manual_collection,manual_collection,manual_discord_interest
1392210566407524352,YOGA,561561733915869184,Sakari,1,manual_collection,manual_collection,manual_discord_interest
1392210566407524352,YOGA,758734374119145472,TouchMeSama,1,manual_collection,manual_collection,manual_discord_interest
1392210566407524352,YOGA,488866790039093248,UltraSharkAretemente,1,manual_collection,manual_collection,manual_discord_interest
